<?xml version="1.0" encoding="UTF-8"?>
<monster name="Abyssal Calamary" nameDescription="an abyssal calamary" race="blood" experience="200" speed="280" raceId="1105">
	<health now="300" max="300" />
	<look type="451" corpse="15280" />
	<targetchange interval="2000" chance="5" />
	<flags>
		<flag illusionable="1" />
		<flag pushable="0" />
		<flag canpushitems="0" />
		<flag canpushcreatures="0" />
		<flag staticattack="90" />
		<flag targetdistance="1" />
		<flag canwalkonenergy="0" />
		<flag canwalkonfire="1" />
		<flag canwalkonpoison="1" />
		<flag runonhealth="89" />
	</flags>
	<bestiary class="Aquatic" prowess="25" expertise="250" mastery="500" charmPoints="30" difficulty="easy" occurrence="common" locations="Abyssal Calamary Locations..." />
	<attacks>
		<attack name="drunk" interval="2000" chance="10" range="2" duration="5000" />
	</attacks>
	<defenses armor="12" defense="12" />
	<elements>
		<element physicalPercent="-5" />
		<element energyPercent="-5" />
	</elements>
	<immunities>
		<immunity earth="1" />
		<immunity fire="1" />
		<immunity drown="1" />
		<immunity paralyze="1" />
		<immunity invisible="1" />
		<immunity drunk="1" />
	</immunities>
	<loot>
		<item id="2667" name="fish" chance="10307" />
		<item id="2670" name="shrimp" chance="9448" />
		<item id="2144" name="black pearl" chance="1175" />
		<item id="2150" name="small amethyst" chance="633" countmax="3" />
		<item id="2147" name="small ruby" chance="633" countmax="3" />
		<item id="2143" name="white pearl" chance="542" />
		<item id="2146" name="small sapphire" chance="271" countmax="3" />
	</loot>
</monster>
