<?xml version="1.0" encoding="UTF-8"?>
<monster name="Acid Blob" nameDescription="an acid blob" race="venom" experience="250" speed="180" raceId="513">
	<health now="250" max="250" />
	<look type="314" corpse="9962" />
	<targetchange interval="5000" chance="0" />
	<flags>
		<flag summonable="0" />
		<flag attackable="1" />
		<flag hostile="1" />
		<flag illusionable="0" />
		<flag convinceable="0" />
		<flag pushable="0" />
		<flag canpushitems="1" />
		<flag canpushcreatures="0" />
		<flag targetdistance="1" />
		<flag staticattack="85" />
		<flag runonhealth="0" />
		<flag canwalkonenergy="0" />
		<flag canwalkonfire="0" />
	</flags>
	<bestiary class="Slime" prowess="50" expertise="500" mastery="1000" charmPoints="50" difficulty="medium" occurrence="common" locations="Acid Blob Locations..." />
	<attacks>
		<attack name="melee" interval="2000" min="0" max="-80" />
		<attack name="earth" interval="2000" target="0" chance="30" radius="4" min="-10" max="-20">
			<attribute key="areaEffect" value="greenspark" />
		</attack>
		<attack name="earth" interval="2000" chance="15" length="5" spread="0" min="-40" max="-60">
			<attribute key="areaEffect" value="greenbubble" />
		</attack>
		<attack name="earth" interval="2000" chance="10" range="7" target="1">
			<attribute key="shootEffect" value="poison" />
		</attack>
	</attacks>
	<defenses armor="15" defense="15" />
	<immunities>
		<immunity death="1" />
		<immunity earth="1" />
	</immunities>
	<summons maxSummons="3">
		<summon name="Acid Blob" interval="2000" chance="10" />
	</summons>
	<voices interval="5000" chance="10">
		<voice sentence="Kzzchhh!" />
	</voices>
	<loot>
		<item name="glob of acid slime" chance="14285" />
	</loot>
</monster>
