<?xml version="1.0" encoding="UTF-8"?>
<monster name="Adept of the Cult" nameDescription="an adept of the cult" race="blood" experience="400" speed="215" raceId="254">
	<health now="430" max="430" />
	<look type="194" head="95" body="94" legs="94" feet="19" corpse="20311" />
	<targetchange interval="4000" chance="10" />
	<flags>
		<flag summonable="0" />
		<flag attackable="1" />
		<flag hostile="1" />
		<flag illusionable="0" />
		<flag convinceable="0" />
		<flag pushable="0" />
		<flag canpushitems="1" />
		<flag canpushcreatures="0" />
		<flag staticattack="90" />
		<flag targetdistance="4" />
		<flag runonhealth="0" />
		<flag canwalkonenergy="0" />
		<flag canwalkonfire="0" />
		<flag canwalkonpoison="0" />
	</flags>
	<bestiary class="Human" prowess="50" expertise="500" mastery="1000" charmPoints="50" difficulty="medium" occurrence="common" locations="Adept of the Cult Locations..." />
	<attacks>
		<attack name="melee" interval="2000" min="0" max="-90" poison="2" />
		<attack name="lifedrain" interval="2000" chance="20" range="7" target="1" min="-70" max="-150">
			<attribute key="shootEffect" value="poison" />
			<attribute key="areaEffect" value="poison" />
		</attack>
		<attack name="drunk" interval="2000" chance="10" range="7" radius="1" target="1" duration="4000">
			<attribute key="shootEffect" value="holy" />
			<attribute key="areaEffect" value="holydamage" />
		</attack>
	</attacks>
	<defenses armor="20" defense="20">
		<defense name="healing" interval="3000" chance="20" min="45" max="60">
			<attribute key="areaEffect" value="blueshimmer" />
		</defense>
		<defense name="invisible" interval="2000" chance="10" duration="3000">
			<attribute key="areaEffect" value="yellowbubble" />
		</defense>
	</defenses>
	<elements>
		<element holyPercent="30" />
		<element earthPercent="40" />
		<element icePercent="20" />
		<element energyPercent="-5" />
		<element deathPercent="-5" />
	</elements>
	<immunities>
		<immunity invisible="1" />
	</immunities>
	<summons maxSummons="2">
		<summon name="Ghoul" interval="2000" chance="10" />
	</summons>
	<voices interval="5000" chance="10">
		<voice sentence="Feel the power of the cult!" />
		<voice sentence="Praise the voodoo!" />
		<voice sentence="Power to the cult!" />
	</voices>
	<loot>
		<item id="1962" chance="940" /><!-- orange book -->
		<item name="small ruby" chance="320" />
		<item name="gold coin" countmax="60" chance="65520" />
		<item id="2169" chance="420" /><!-- time ring -->
		<item name="silver amulet" chance="1020" />
		<item name="hailstorm rod" chance="220" />
		<item name="clerical mace" chance="1260" />
		<item name="red robe" chance="80" />
		<item name="pirate voodoo doll" chance="1730" />
		<item id="6089" chance="700" /><!-- music sheet 3rd verse -->
		<item name="lunar staff" chance="120" />
		<item name="amber staff" chance="680" />
		<item name="cultish robe" chance="10080" />
		<item name="cultish symbol" chance="90" />
		<item name="rope belt" chance="10000" />
		<item name="broken key ring" chance="120" />
	</loot>
</monster>
