<?xml version="1.0" encoding="UTF-8"?>
<monster name="An Observer Eye" nameDescription="An Observer Eye" race="blood" experience="0" speed="0" >
	<health now="30000" max="30000" />
	<look type="925" corpse="27584" />
	<targetchange interval="2000" chance="5" />
	<flags>
		<flag attackable="1" />
		<flag hostile="1" />
		<flag summonable="0" />
		<flag convinceable="0" />
		<flag illusionable="0" />
		<flag isboss="1" />
		<flag ignorespawnblock="0" />
		<flag pushable="0" />
		<flag canpushitems="0" />
		<flag canpushcreatures="0" />
		<flag staticattack="90" />
		<flag targetdistance="1" />
		<flag canwalkonenergy="0" />
		<flag canwalkonfire="0" />
		<flag canwalkonpoison="0" />
	</flags>
	<attacks>
		<attack name="energy" interval="2000" chance="4" range="3" min="-3000" max="-5000">
			<attribute key="shootEffect" value="energy" />
		</attack>
	</attacks>
	<defenses armor="10" defense="5" />
	<immunities>
		<immunity paralyze="1" />
		<immunity invisible="1" />
		<immunity drunk="1" />
	</immunities>
	<loot>
		<item id="27585" name="Lightsphere" chance="100000" />
	</loot>
</monster>
