<?xml version="1.0" encoding="UTF-8"?>
<monster name="Animated Rotworm" nameDescription="an animated rotworm" race="blood" experience="40" speed="150">
	<health now="65" max="65" />
	<look type="26" corpse="5967" />
	<targetchange interval="2000" chance="5" />
	<flags>
		<flag pushable="0" />
		<flag canpushitems="0" />
		<flag canpushcreatures="0" />
		<flag staticattack="90" />
		<flag targetdistance="1" />
		<flag canwalkonenergy="0" />
		<flag canwalkonfire="0" />
		<flag canwalkonpoison="0" />
	</flags>
	<attacks>
		<attack name="melee" interval="2000" min="0" max="-30" />
	</attacks>
	<defenses armor="30" defense="30" />
	<immunities>
		<immunity paralyze="1" />
		<immunity invisible="1" />
		<immunity drunk="1" />
	</immunities>
	<loot>
		<item id="2148" name="gold coin" chance="70707" countmax="17" />
		<item id="2666" name="meat" chance="22222" />
		<item id="2671" name="ham" chance="19192" />
		<item id="10609" name="lump of dirt" chance="13131" />
		<item id="3976" name="worm" chance="4040" countmax="3" />
		<item id="2398" name="mace" chance="3030" />
		<item id="2376" name="sword" chance="2020" />
	</loot>
</monster>
