<?xml version="1.0" encoding="UTF-8"?>
<monster name="Animated Clomp" nameDescription="an animated clomp" race="blood" experience="475" speed="430">
	<health now="900" max="900" />
	<look type="860" corpse="25398" />
	<targetchange interval="2000" chance="5" />
	<flags>
		<flag pushable="0" />
		<flag canpushitems="0" />
		<flag canpushcreatures="0" />
		<flag staticattack="90" />
		<flag targetdistance="1" />
		<flag canwalkonenergy="0" />
		<flag canwalkonfire="0" />
		<flag canwalkonpoison="0" />
	</flags>
	<immunities>
		<immunity paralyze="1" />
		<immunity invisible="1" />
		<immunity drunk="1" />
	</immunities>
	<attacks>
		<attack name="melee" interval="2000" min="0" max="-250" />
	</attacks>
	<defenses armor="30" defense="30" />
	<loot>
		<item id="24842" name="raw meat" chance="21875" />
		<item id="11224" name="thick fur" chance="6250" />
		<item id="5925" name="hardened bone" chance="3125" />
	</loot>
</monster>
