<?xml version="1.0" encoding="UTF-8"?>
<monster name="Arthom The Hunter" nameDescription="Arthom The Hunter" race="blood" experience="550" speed="210">
	<health now="500" max="500" />
	<look type="129" head="95" body="116" legs="121" feet="115" corpse="20419" />
	<targetchange interval="5000" chance="2" />
	<flags>
		<flag attackable="1" />
		<flag hostile="1" />
		<flag summonable="0" />
		<flag convinceable="0" />
		<flag illusionable="1" />
		<flag isboss="1" />
		<flag ignorespawnblock="0" />
		<flag pushable="0" />
		<flag canpushitems="1" />
		<flag canpushcreatures="1" />
		<flag staticattack="90" />
		<flag targetdistance="4" />
		<flag canwalkonenergy="0" />
		<flag canwalkonfire="0" />
		<flag canwalkonpoison="0" />
	</flags>
	<attacks>
		<attack name="melee" interval="2000" min="0" max="-20" />
		<attack name="physical" interval="2000" chance="50" range="7" min="0" max="-100">
			<attribute key="shootEffect" value="arrow" />
		</attack>
	</attacks>
	<defenses armor="10" defense="5" />
	<immunities>
		<immunity paralyze="1" />
		<immunity invisible="1" />
		<immunity drunk="1" />
	</immunities>
	<elements>
		<element physicalPercent="-10" />
		<element holyPercent="20" />
	</elements>
	<loot>
		<item id="12425" name="hunter's quiver" chance="100000" />
		<item id="2152" name="platinum coin" chance="100000" countmax="2" />
		<item id="7364" name="sniper arrow" chance="48387" countmax="10" />
		<item id="2545" name="poison arrow" chance="29032" countmax="10" />
		<item id="2145" name="small diamond" chance="29032" countmax="3" />
		<item id="2147" name="small ruby" chance="25806" countmax="3" />
		<item id="2544" name="arrow" chance="12903" countmax="7" />
		<item id="2546" name="burst arrow" chance="9677" countmax="7" />
		<item id="2456" name="bow" chance="6452" />
		<item id="5875" name="sniper gloves" chance="6452" />
		<item id="2489" name="dark armor" chance="3226" />
		<item id="2201" name="dragon necklace" chance="3226" />
		<item id="7400" name="lion trophy" chance="3226" />
	</loot>
</monster>
