<?xml version="1.0" encoding="UTF-8"?>
<monster name="Askarak Lord" nameDescription="an askarak lord" race="venom" experience="1200" speed="230" raceId="728">
	<health now="2100" max="2100" />
	<look type="410" corpse="13956" />
	<targetchange interval="4000" chance="10" />
	<flags>
		<flag summonable="0" />
		<flag attackable="1" />
		<flag hostile="1" />
		<flag illusionable="0" />
		<flag convinceable="0" />
		<flag pushable="0" />
		<flag canpushitems="1" />
		<flag canpushcreatures="1" />
		<flag targetdistance="1" />
		<flag staticattack="80" />
		<flag runonhealth="0" />
	</flags>
	<bestiary class="Demon" prowess="50" expertise="500" mastery="1000" charmPoints="50" difficulty="medium" occurrence="rare" locations="Askarak Lord Locations..." />
	<attacks>
		<attack name="melee" interval="2000" min="0" max="-186" />
		<attack name="earth" interval="2000" chance="20" range="7" radius="6" target="0" min="-40" max="-80">
			<attribute key="shootEffect" value="poison" />
			<attribute key="areaEffect" value="greenbubble" />
		</attack>
		<attack name="earth" interval="2000" chance="15" target="0" length="4" spread="3" min="-95" max="-180">
			<attribute key="areaEffect" value="greenbubble" />
		</attack>
		<attack name="earth" interval="2000" chance="10" target="0" length="4" spread="0" min="-130" max="-180">
			<attribute key="areaEffect" value="greenbubble" />
		</attack>
		<attack name="speed" interval="2000" chance="15" radius="1" target="1" speedchange="-650" duration="15000">
			<attribute key="areaEffect" value="redshimmer" />
		</attack>
	</attacks>
	<defenses armor="20" defense="20">
		<defense name="healing" interval="2000" chance="10" min="120" max="160">
			<attribute key="areaEffect" value="blueshimmer" />
		</defense>
	</defenses>
	<elements>
		<element energyPercent="50" />
		<element icePercent="50" />
		<element firePercent="-10" />
	</elements>
	<immunities>
		<immunity earth="1" />
		<immunity paralyze="1" />
		<immunity invisible="1" />
	</immunities>
	<voices interval="5000" chance="10">
		<voice sentence="WE RULE!" />
		<voice sentence="RED IS MAD" />
	</voices>
	<loot>
		<item name="gold coin" countmax="100" chance="50000" />
		<item name="gold coin" countmax="90" chance="50000" />
		<item name="small emerald" countmax="5" chance="5882" />
		<item name="platinum coin" countmax="2" chance="35333" />
		<item name="energy ring" chance="606" />
		<item name="brown mushroom" countmax="5" chance="5263" />
		<item name="magic sulphur" chance="620" />
		<item name="assassin star" countmax="5" chance="70" />
		<item name="dreaded cleaver" chance="30" />
		<item name="mastermind potion" chance="750" />
		<item name="strong health potion" chance="6250" />
		<item name="strong mana potion" chance="7692" />
		<item name="terra mantle" chance="70" />
		<item name="springsprout rod" chance="1010" />
	</loot>
</monster>
