<?xml version="1.0" encoding="UTF-8"?>
<monster name="Assassin" nameDescription="an assassin" race="blood" experience="105" speed="224" manacost="450" raceId="224">
	<health now="175" max="175" />
	<look type="152" head="95" body="95" legs="95" feet="95" addons="3" corpse="20327" />
	<targetchange interval="4000" chance="0" />
	<flags>
		<flag summonable="0" />
		<flag attackable="1" />
		<flag hostile="1" />
		<flag illusionable="1" />
		<flag convinceable="1" />
		<flag pushable="0" />
		<flag canpushitems="1" />
		<flag canpushcreatures="1" />
		<flag targetdistance="1" />
		<flag staticattack="90" />
		<flag runonhealth="0" />
		<flag canwalkonenergy="0" />
		<flag canwalkonfire="0" />
		<flag canwalkonpoison="0" />
	</flags>
	<bestiary class="Human" prowess="25" expertise="250" mastery="500" charmPoints="30" difficulty="easy" occurrence="common" locations="Assassin Locations..." />
	<attacks>
		<attack name="melee" interval="2000" min="0" max="-120" />
		<attack name="physical" interval="2000" chance="15" range="7" min="0" max="-40">
			<attribute key="shootEffect" value="throwingstar" />
		</attack>
		<attack name="poisoncondition" interval="2000" chance="10" range="7" min="-120" max="-160">
			<attribute key="shootEffect" value="poison" />
			<attribute key="areaEffect" value="poison" />
		</attack>
	</attacks>
	<defenses armor="17" defense="17">
		<defense name="invisible" interval="2000" chance="10" duration="2000">
			<attribute key="areaEffect" value="blueshimmer" />
		</defense>
	</defenses>
	<elements>
		<element physicalPercent="-10" />
		<element deathPercent="-5" />
	</elements>
	<immunities>
		<immunity invisible="1" />
	</immunities>
	<voices interval="5000" chance="10">
		<voice sentence="Die!" />
		<voice sentence="Feel the hand of death!" />
		<voice sentence="You are on my deathlist!" />
	</voices>
	<loot>
		<item name="gold coin" countmax="50" chance="83000" />
		<item id="2050" countmax="2" chance="30000" /><!-- torch -->
		<item name="knife" chance="9800" />
		<item name="Throwing Star" countmax="14" chance="7000" />
		<item name="viper star" countmax="7" chance="4200" />
		<item name="combat knife" chance="4000" />
		<item name="steel helmet" chance="3230" />
		<item name="plate shield" chance="1900" />
		<item name="battle shield" chance="1600" />
		<item name="steel shield" chance="970" />
		<item name="leopard armor" chance="480" />
		<item name="horseman helmet" chance="240" />
		<item name="small diamond" chance="220" />
	</loot>
</monster>
