<?xml version="1.0" encoding="UTF-8"?>
<monster name="Badger" namedescription="a badger" race="blood" experience="5" speed="140" manacost="200" raceId="105">
	<health now="23" max="23" />
	<look type="105" corpse="6034" />
	<targetchange interval="4000" chance="0" />
	<flags>
		<flag summonable="1" />
		<flag attackable="1" />
		<flag hostile="1" />
		<flag illusionable="1" />
		<flag convinceable="1" />
		<flag pushable="1" />
		<flag canpushitems="0" />
		<flag canpushcreatures="0" />
		<flag targetdistance="1" />
		<flag staticattack="90" />
		<flag runonhealth="10" />
		<flag canwalkonenergy="0" />
		<flag canwalkonfire="0" />
		<flag canwalkonpoison="0" />
	</flags>
	<bestiary class="Mammal" prowess="10" expertise="100" mastery="250" charmPoints="10" difficulty="trivial" occurrence="common" locations="Badger Locations..." />
	<attacks>
		<attack name="melee" interval="2000" min="0" max="-12" />
	</attacks>
	<defenses armor="1" defense="1" />
	<loot>
		<item name="beetroot" chance="40710" />
		<item id="11216" chance="10230" /><!-- badger fur -->
		<item name="acorn" chance="5130" />
	</loot>
</monster>
