<?xml version="1.0" encoding="UTF-8"?>
<monster name="Bazir" nameDescription="Bazir" race="fire" experience="30000" speed="530">
	<health now="110000" max="110000" />
	<look type="35" corpse="2916" />
	<targetchange interval="2000" chance="10" />
	<flags>
		<flag summonable="0" />
		<flag attackable="1" />
		<flag hostile="1" />
		<flag illusionable="0" />
		<flag convinceable="0" />
		<flag pushable="0" />
		<flag canpushitems="1" />
		<flag canpushcreatures="1" />
		<flag targetdistance="1" />
		<flag runonhealth="3000" />
		<flag isboss="1" />
	</flags>
	<attacks>
		<attack name="melee" interval="2000" min="0" max="-2625" />
		<attack name="manadrain" interval="1000" chance="7" range="7" min="-100" max="-1000">
			<attribute key="shootEffect" value="energy" />
			<attribute key="areaEffect" value="poff" />
		</attack>
		<attack name="drunk" interval="1000" chance="7" range="7">
			<attribute key="shootEffect" value="energy" />
			<attribute key="areaEffect" value="energyarea" />
		</attack>
		<attack name="effect" interval="1000" chance="9" range="7">
			<attribute key="shootEffect" value="largerock" />
			<attribute key="areaEffect" value="energyarea" />
		</attack>
		<attack name="lifedrain" interval="1000" chance="13" radius="8" target="0" min="-400" max="-700">
			<attribute key="areaEffect" value="bluebubble" />
		</attack>
		<attack name="manadrain" interval="1000" chance="10" radius="8" target="0" min="-400" max="-700">
			<attribute key="areaEffect" value="greenshimmer" />
		</attack>
		<attack name="speed" interval="1000" chance="12" radius="6" target="0" speedchange="-1000" duration="60000">
			<attribute key="areaEffect" value="poison" />
		</attack>
		<attack name="effect" interval="1000" chance="8" radius="5" target="0">
			<attribute key="areaEffect" value="blackspark" />
		</attack>
		<attack name="outfit" interval="1000" chance="2" radius="8" target="0" monster="demon" duration="5000">
			<attribute key="areaEffect" value="bluebubble" />
		</attack>
		<attack name="outfit" interval="1000" chance="2" radius="8" target="0" item="3058" duration="5000">
			<attribute key="areaEffect" value="bluebubble" />
		</attack>
		<attack name="fire" interval="1000" chance="34" range="7" radius="7" target="1" min="-100" max="-900">
			<attribute key="shootEffect" value="fire" />
			<attribute key="areaEffect" value="firearea" />
		</attack>
		<attack name="lifedrain" interval="1000" chance="15" length="8" spread="0" min="-500" max="-850">
			<attribute key="areaEffect" value="redshimmer" />
		</attack>
	</attacks>
	<defenses armor="160" defense="160">
		<defense name="healing" interval="1000" chance="15" min="5000" max="10000">
			<attribute key="areaEffect" value="blueshimmer" />
		</defense>
		<defense name="healing" interval="1000" chance="25" min="2000" max="3000">
			<attribute key="areaEffect" value="blueshimmer" />
		</defense>
		<defense name="speed" interval="1000" chance="8" speedchange="1901" duration="5000">
			<attribute key="areaEffect" value="redshimmer" />
		</defense>
		<defense name="invisible" interval="1000" chance="4" duration="10000">
			<attribute key="areaEffect" value="blueshimmer" />
		</defense>
		<defense name="invisible" interval="1000" chance="17" duration="2000">
			<attribute key="areaEffect" value="blueshimmer" />
		</defense>
		<defense name="outfit" interval="1000" chance="2" item="2916" duration="7000">
			<attribute key="areaEffect" value="blueshimmer" />
		</defense>
	</defenses>
	<immunities>
		<immunity energy="1" />
		<immunity fire="1" />
		<immunity earth="1" />
		<immunity lifedrain="1" />
		<immunity paralyze="1" />
		<immunity outfit="1" />
		<immunity drunk="1" />
		<immunity invisible="1" />
	</immunities>
	<summons maxSummons="1">
		<summon name="bazir" interval="1000" chance="15" />
	</summons>
	<voices interval="5000" chance="10">
		<voice sentence="COME HERE! FREE ITEMS FOR EVERYONE!" yell="1" />
		<voice sentence="BOW TO THE POWER OF THE RUTHLESS SEVEN!" />
		<voice sentence="Slay your friends and I will spare you!" yell="1" />
		<voice sentence="DON'T BE AFRAID! I AM COMING IN PEACE!" yell="1" />
	</voices>
	<loot>
		<item name="purple tome" chance="2600" />
		<item name="golden mug" chance="7500" />
		<item name="teddy bear" chance="14500" />
		<item name="ring of the sky" chance="3500" />
		<item id="2124" chance="5500" /><!-- crystal ring -->
		<item name="crystal necklace" chance="1500" />
		<item id="2142" chance="3500" /><!-- ancient amulet -->
		<item name="white pearl" countmax="15" chance="12500" />
		<item name="black pearl" countmax="15" chance="15000" />
		<item name="small diamond" countmax="5" chance="9500" />
		<item name="small sapphire" countmax="10" chance="13500" />
		<item name="gold coin" countmax="100" chance="99900" />
		<item name="gold coin" countmax="100" chance="88800" />
		<item name="gold coin" countmax="100" chance="77700" />
		<item name="gold coin" countmax="100" chance="66600" />
		<item name="small emerald" countmax="10" chance="15500" />
		<item name="small amethyst" countmax="20" chance="13500" />
		<item name="talon" countmax="7" chance="14000" />
		<item name="green gem" chance="1500" />
		<item name="blue gem" chance="1500" />
		<item id="2162" chance="11500" /><!-- magic lightwand -->
		<item name="might ring" chance="5000" />
		<item name="stealth ring" chance="9500" />
		<item name="energy ring" chance="13500" />
		<item name="silver amulet" chance="13000" />
		<item name="platinum amulet" chance="4500" />
		<item name="strange symbol" chance="2500" />
		<item name="orb" chance="12000" />
		<item name="life crystal" chance="1000" />
		<item id="2178" name="mind stone" chance="4000" />
		<item name="gold ring" chance="8000" />
		<item name="snakebite rod" chance="3500" />
		<item name="necrotic rod" chance="3500" />
		<item name="moonlight rod" chance="3500" />
		<item name="wand of decay" chance="2500" />
		<item id="2192" chance="2500" /><!-- crystal ball -->
		<item name="boots of haste" chance="4000" />
		<item name="stone skin amulet" chance="4000" />
		<item name="protection amulet" chance="4500" />
		<item name="ring of healing" chance="13000" />
		<item id="2231" chance="9000" /><!-- big bone -->
		<item name="two handed sword" chance="20000" />
		<item name="double axe" chance="20000" />
		<item name="giant sword" chance="12500" />
		<item name="ice rapier" chance="7500" />
		<item name="silver dagger" chance="15500" />
		<item name="golden sickle" chance="4500" />
		<item name="thunder hammer" chance="13500" />
		<item name="fire axe" chance="17000" />
		<item name="dragon hammer" chance="4500" />
		<item name="skull staff" chance="5000" />
		<item name="devil helmet" chance="11000" />
		<item name="golden legs" chance="5000" />
		<item name="magic plate armor" chance="3000" />
		<item id="2514" name="mastermind shield" chance="7500" />
		<item name="demon shield" chance="15500" />
		<item id="3955" chance="100" /><!-- voodoo doll-->
	</loot>
</monster>
