<?xml version="1.0" encoding="UTF-8"?>
<monster name="Bear" nameDescription="a bear" race="blood" experience="23" speed="156" manacost="300" raceId="16">
	<health now="80" max="80" />
	<look type="16" corpse="5975" />
	<targetchange interval="4000" chance="0" />
	<flags>
		<flag summonable="1" />
		<flag attackable="1" />
		<flag hostile="1" />
		<flag illusionable="1" />
		<flag convinceable="1" />
		<flag pushable="0" />
		<flag canpushitems="0" />
		<flag canpushcreatures="0" />
		<flag targetdistance="1" />
		<flag staticattack="90" />
		<flag runonhealth="15" />
		<flag canwalkonenergy="0" />
		<flag canwalkonfire="0" />
		<flag canwalkonpoison="0" />
	</flags>
	<bestiary class="Mammal" prowess="25" expertise="250" mastery="500" charmPoints="30" difficulty="easy" occurrence="common" locations="Bear Locations..." />
	<attacks>
		<attack name="melee" interval="2000" min="0" max="-25" />
	</attacks>
	<defenses armor="6" defense="6" />
	<elements>
		<element icePercent="-10" />
		<element holyPercent="10" />
		<element deathPercent="-5" />
	</elements>
	<voices interval="5000" chance="10">
		<voice sentence="Grrrr" />
		<voice sentence="Groar" />
	</voices>
	<loot>
		<item id="2666" name="meat" chance="39964" />
		<item id="2671" name="ham" chance="19987" />
		<item id="5896" name="bear paw" chance="1973" />
		<item id="5902" name="honeycomb" chance="480" />
	</loot>
</monster>
