<?xml version="1.0" encoding="UTF-8"?>
<monster name="Black Vixen" nameDescription="Black Vixen" race="blood" experience="3200" speed="200">
	<health now="3200" max="3200" />
	<look type="1038" corpse="30370" />
	<targetchange interval="2000" chance="5" />
	<flags>
		<flag isboss="1" />
		<flag pushable="0" />
		<flag canpushitems="0" />
		<flag canpushcreatures="0" />
		<flag staticattack="90" />
		<flag targetdistance="1" />
		<flag canwalkonenergy="0" />
		<flag canwalkonfire="0" />
		<flag canwalkonpoison="0" />
	</flags>
	<attacks>
		<attack name="melee" interval="2000" min="0" max="-290" />
		<attack name="physical" interval="1000" chance="20" range="7" min="-100" max="-720">
			<attribute key="shootEffect" value="throwingstar" />
		</attack>
		<attack name="speed" interval="2000" chance="15" range="7" speedchange="-600" duration="20000">
			<attribute key="areaEffect" value="redshimmer" />
		</attack>
		<attack name="death" interval="1000" chance="14" length="5" spread="0" min="-100" max="-700">
			<attribute key="areaEffect" value="mortarea" />
		</attack>
		<attack name="outfit" interval="1000" chance="1" target="1" radius="1" monster="werewolf" duration="2000" />
	</attacks>
	<defenses armor="30" defense="30">
		<defense name="healing" interval="4000" chance="15" min="150" max="345">
			<attribute key="areaEffect" value="blueshimmer" />
		</defense>
		<defense name="invisible" interval="2000" chance="15" duration="10000">
			<attribute key="areaEffect" value="blueshimmer" />
		</defense>
	</defenses>
	<immunities>
		<immunity paralyze="1" />
		<immunity invisible="1" />
		<immunity drunk="1" />
	</immunities>
	<elements>
		<element energyPercent="20" />
		<element firePercent="-5" />
		<element icePercent="10" />
		<element deathPercent="50" />
	</elements>
	<voices interval="1000" chance="5">
		<voice sentence="You are not clever enough to defeat me!" />
	</voices>
	<loot>
		<item id="30118" name="fox paw" chance="100000" />
		<item id="2152" name="platinum coin" chance="100000" countmax="10" />
		<item id="30119" name="werefox tail" chance="100000" />
		<item id="7368" name="assassin star" chance="81591" countmax="10" />
		<item id="2148" name="gold coin" chance="77067" countmax="75" />
		<item id="2144" name="black pearl" chance="47738" countmax="2" />
		<item id="7590" name="great mana potion" chance="41342" countmax="2" />
		<item id="8472" name="great spirit potion" chance="39002" countmax="2" />
		<item id="7761" name="small enchanted emerald" chance="32605" countmax="3" />
		<item id="2155" name="green gem" chance="19657" />
		<item id="26030" name="ultimate spirit potion" chance="14665" countmax="2" />
		<item id="26029" name="ultimate mana potion" chance="13729" countmax="2" />
		<item id="2165" name="stealth ring" chance="8736" />
		<item id="2186" name="moonlight rod" chance="7332" />
		<item id="11306" name="sai" chance="6708" />
		<item id="30362" name="werefox trophy" chance="5616" />
		<item id="2805" name="troll green" chance="4992" />
		<item id="24739" name="moonlight crystals" chance="3276" />
		<item id="24716" name="werewolf amulet" chance="3276" />
		<item id="25172" name="silver token" chance="2028" />
		<item id="8855" name="composite hornbow" chance="936" />
		<item id="2171" name="platinum amulet" chance="312" />
		<item id="15545" name="foxtail" chance="156" />
		<item id="24740" name="wolf backpack" chance="156" />
	</loot>
</monster>
