<?xml version="1.0" encoding="UTF-8"?>
<monster name="Bone Capsule" nameDescription="a bone capsule" race="undead" experience="0" speed="0">
	<health now="5000" max="5000" />
	<look type="863" corpse="0" />
	<targetchange interval="2000" chance="5" />
	<flags>
		<flag pushable="0" />
		<flag canpushitems="0" />
		<flag canpushcreatures="0" />
		<flag staticattack="90" />
		<flag targetdistance="1" />
		<flag canwalkonenergy="0" />
		<flag canwalkonfire="0" />
		<flag canwalkonpoison="0" />
	</flags>
	<defenses armor="30" defense="30" />
	<elements>
		<element physicalPercent="-10" />
		<element energyPercent="-10" />
		<element earthPercent="90" />
		<element icePercent="-10" />
		<element deathPercent="20" />
	</elements>
	<immunities>
		<immunity paralyze="1" />
		<immunity invisible="1" />
		<immunity drunk="1" />
	</immunities>
</monster>
