<?xml version="1.0" encoding="UTF-8"?>
<monster name="Bound Astral Power" nameDescription="a bound astral power" race="energy" experience="0" speed="350">
	<health now="70000" max="70000" />
	<look type="879" corpse="0" />
	<targetchange interval="2000" chance="5" />
	<flags>
		<flag attackable="1" />
		<flag hostile="1" />
		<flag summonable="0" />
		<flag convinceable="0" />
		<flag illusionable="0" />
		<flag isboss="0" />
		<flag ignorespawnblock="0" />
		<flag pushable="0" />
		<flag canpushitems="0" />
		<flag canpushcreatures="0" />
		<flag staticattack="90" />
		<flag targetdistance="1" />
		<flag canwalkonenergy="0" />
		<flag canwalkonfire="0" />
		<flag canwalkonpoison="0" />
	</flags>
	<attacks>
		<attack name="melee" interval="2000" min="0" max="-349" />
		<attack name="energy" interval="2000" chance="15" length="6" spread="2" min="-400" max="-500">
			<attribute key="areaEffect" value="energy" />
		</attack>
		<attack name="energy" interval="2000" chance="15" radius="5" target="1" min="-300" max="-450">
			<attribute key="areaEffect" value="energyarea" />
			<attribute key="shootEffect" value="energy" />
		</attack>
	</attacks>
	<defenses armor="10" defense="5">
		<defense name="healing" interval="2000" chance="20" min="0" max="400" />
	</defenses>
	<immunities>
		<immunity paralyze="1" />
		<immunity invisible="1" />
		<immunity drunk="1" />
	</immunities>
</monster>
