<?xml version="1.0" encoding="UTF-8"?>
<monster name="Cave Parrot" nameDescription="a cave parrot" race="blood" experience="0" speed="320" raceId="1307">
	<health now="30" max="30" />
	<look type="217" corpse="6056" />
	<targetchange interval="2000" chance="5" />
	<flags>
		<flag attackable="1" />
		<flag hostile="1" />
		<flag summonable="0" />
		<flag convinceable="0" />
		<flag illusionable="0" />
		<flag isboss="0" />
		<flag ignorespawnblock="0" />
		<flag pushable="1" />
		<flag canpushitems="1" />
		<flag canpushcreatures="0" />
		<flag staticattack="90" />
		<flag targetdistance="1" />
		<flag canwalkonenergy="0" />
		<flag canwalkonfire="0" />
		<flag canwalkonpoison="0" />
	</flags>
	<bestiary class="Bird" prowess="10" expertise="100" mastery="250" charmPoints="10" difficulty="trivial" occurrence="common" locations="Cave Parrot Locations..." />
	<attacks>
		<attack name="melee" interval="2000" min="0" max="-5" />
	</attacks>
	<defenses armor="2" defense="2" />
	<immunities>
		<immunity paralyze="1" />
		<immunity invisible="1" />
		<immunity drunk="1" />
	</immunities>
</monster>
