<?xml version="1.0" encoding="UTF-8"?>
<monster name="Clomp" nameDescription="a clomp" race="blood" experience="475" speed="430" raceId="1174">
	<health now="900" max="900" />
	<look type="860" corpse="25398" />
	<targetchange interval="2000" chance="5" />
	<flags>
		<flag pushable="0" />
		<flag canpushitems="1" />
		<flag canpushcreatures="1" />
		<flag staticattack="90" />
		<flag targetdistance="1" />
		<flag canwalkonenergy="1" />
		<flag canwalkonfire="1" />
		<flag canwalkonpoison="1" />
	</flags>
	<bestiary class="Mammal" prowess="50" expertise="500" mastery="1000" charmPoints="50" difficulty="medium" occurrence="common" locations="Clomp Locations..." />
	<attacks>
		<attack name="melee" interval="2000" min="0" max="-260" />
	</attacks>
	<defenses armor="45" defense="45" />
	<immunities>
		<immunity paralyze="1" />
		<immunity invisible="1" />
		<immunity drunk="1" />
	</immunities>
	<voices interval="1000" chance="5">
		<voice sentence="Snort!" />
		<voice sentence="Grunt!" />
		<voice sentence="Snarl!" />
	</voices>
	<loot>
		<item id="24842" name="raw meat" chance="18061" />
		<item id="5925" name="hardened bone" chance="7211" />
		<item id="11224" name="thick fur" chance="6923" />
		<item id="3973" name="tusk shield" chance="555" />
		<item id="7432" name="furry club" chance="444" />
	</loot>
</monster>
