<?xml version="1.0" encoding="UTF-8"?>
<monster name="Coldheart" nameDescription="Coldheart" race="undead" experience="3500" speed="195">
	<health now="7000" max="7000" />
	<look type="261" corpse="7282" />
	<targetchange interval="2000" chance="9" />
	<flags>
		<flag summonable="0" />
		<flag attackable="1" />
		<flag hostile="1" />
		<flag illusionable="0" />
		<flag convinceable="0" />
		<flag pushable="0" />
		<flag canpushitems="1" />
		<flag staticattack="50" />
		<flag targetdistance="1" />
		<flag runonhealth="0" />
		<flag isboss="1" />
	</flags>
	<attacks>
		<attack name="melee" interval="2000" min="0" max="-220" />
		<attack name="ice" interval="2000" chance="25" length="8" spread="0" min="0" max="-710">
			<attribute key="areaEffect" value="icearea" />
		</attack>
	</attacks>
	<defenses armor="25" defense="26" />
	<immunities>
		<immunity paralyze="1" />
		<immunity invisible="1" />
		<immunity ice="1" />
		<immunity fire="1" />
	</immunities>
</monster>
