<?xml version="1.0" encoding="UTF-8"?>
<monster name="Corrupted Soul" nameDescription="a corrupted soul" race="undead" experience="1300" speed="210">
	<health now="1100" max="1100" />
	<look type="355" corpse="0" />
	<targetchange interval="2000" chance="5" />
	<flags>
		<flag attackable="1" />
		<flag hostile="1" />
		<flag summonable="0" />
		<flag convinceable="0" />
		<flag illusionable="0" />
		<flag isboss="0" />
		<flag ignorespawnblock="0" />
		<flag pushable="0" />
		<flag canpushitems="0" />
		<flag canpushcreatures="0" />
		<flag staticattack="90" />
		<flag targetdistance="1" />
		<flag canwalkonenergy="0" />
		<flag canwalkonfire="0" />
		<flag canwalkonpoison="0" />
	</flags>
	<attacks>
		<attack name="melee" interval="2000" min="0" max="-200" />
	</attacks>
	<defenses armor="25" defense="20" />
	<elements>
		<element holyPercent="-10" />
		<element icePercent="50" />
		<element firePercent="-10" />
		<element energyPercent="-10" />
		<element physicalPercent="70" />
	</elements>
	<immunities>
		<immunity paralyze="1" />
		<immunity invisible="1" />
		<immunity lifedrain="1" />
		<immunity drown="1" />
		<immunity death="1" />
	</immunities>
</monster>
