<?xml version="1.0" encoding="UTF-8"?>
<monster name="Corym Skirmisher" nameDescription="a corym skirmisher" race="blood" experience="260" speed="200" manacost="695" raceId="917">
	<health now="450" max="450" />
	<look type="533" head="0" body="76" legs="83" feet="0" corpse="19726" />
	<targetchange interval="4000" chance="10" />
	<flags>
		<flag summonable="0" />
		<flag attackable="1" />
		<flag hostile="1" />
		<flag illusionable="1" />
		<flag convinceable="1" />
		<flag pushable="0" />
		<flag canpushitems="1" />
		<flag canpushcreatures="1" />
		<flag targetdistance="1" />
		<flag staticattack="90" />
		<flag runonhealth="0" />
		<flag canwalkonenergy="0" />
		<flag canwalkonfire="0" />
		<flag canwalkonpoison="0" />
	</flags>
	<bestiary class="Humanoid" prowess="50" expertise="500" mastery="1000" charmPoints="50" difficulty="medium" occurrence="common" locations="Corym Skirmisher Locations..." />
	<attacks>
		<attack name="melee" interval="2000" min="0" max="-110" />
		<attack name="physical" interval="2000" chance="20" range="7" min="0" max="-90">
			<attribute key="shootEffect" value="whirlwindclub" />
		</attack>
	</attacks>
	<defenses armor="15" defense="15" />
	<elements>
		<element earthPercent="20" />
		<element deathPercent="20" />
		<element energyPercent="20" />
		<element holyPercent="-20" />
	</elements>
	<immunities>
		<immunity paralyze="1" />
		<immunity invisible="1" />
	</immunities>
	<voices interval="5000" chance="10">
		<voice sentence="Squeak! Squeak!" />
		<voice sentence="&lt;sniff&gt;&lt;sniff&gt;&lt;sniff&gt;" />
	</voices>
	<loot>
		<item name="gold coin" countmax="45" chance="50000" />
		<item id="2696" chance="20000" /><!-- cheese -->
		<item name="bola" chance="7692" />
		<item name="spike shield" chance="645" />
		<item name="ratana" chance="2702" />
		<item name="life preserver" chance="2941" />
		<item name="cheese cutter" chance="8333" />
		<item name="cheesy figurine" chance="854" />
		<item name="earflap" chance="9090" />
		<item name="soft cheese" chance="14285" />
		<item name="rat cheese" chance="16666" />
		<item name="rat god doll" chance="12" />
		<item name="leather harness" chance="561" />
	</loot>
</monster>
