<?xml version="1.0" encoding="UTF-8"?>
<monster name="Count Vlarkorth" nameDescription="Count Vlarkorth" race="venom" experience="6300" speed="250">
	<health now="15000" max="15000" />
	<look type="1221" head="10" body="19" legs="19" feet="19" addons="1" corpse="34255" />
	<targetchange interval="2000" chance="5" />
	<flags>
		<flag attackable="1" />
		<flag hostile="1" />
		<flag summonable="0" />
		<flag convinceable="0" />
		<flag illusionable="0" />
		<flag isboss="1" />
		<flag ignorespawnblock="0" />
		<flag pushable="0" />
		<flag canpushitems="1" />
		<flag canpushcreatures="1" />
		<flag staticattack="90" />
		<flag targetdistance="1" />
		<flag canwalkonenergy="1" />
		<flag canwalkonfire="1" />
		<flag canwalkonpoison="1" />
	</flags>
	<attacks>
		<attack name="melee" interval="2000" min="0" max="-600" />
		<attack name="manadrain" interval="2000" chance="50" length="7" spread="0" min="-400" max="-1000">
			<attribute key="areaEffect" value="smallclouds" />
		</attack>
		<attack name="physical" interval="2000" chance="30" length="7" spread="0" min="-400" max="-1000">
			<attribute key="areaEffect" value="yellowchain" />
		</attack>
		<attack name="fire" interval="2000" chance="15" length="7" spread="0" min="-300" max="-500">
			<attribute key="areaEffect" value="fire" />
		</attack>
	</attacks>
	<defenses armor="78" defense="25">
		<defense name="healing" interval="2000" chance="14" min="150" max="350">
			<attribute key="areaEffect" value="blueshimmer" />
		</defense>
	</defenses>
	<elements>
		<element firePercent="20" />
	</elements>
	<immunities>
		<immunity paralyze="1" />
		<immunity invisible="1" />
		<immunity drunk="1" />
	</immunities>
	<summons maxSummons="6">
		<summon name="Soulless Minion" interval="1800" chance="70" />
	</summons>
	<loot>
		<item id="2152" name="platinum coin" chance="100000" countmax="5" />
		<item id="25172" name="silver token" chance="100000" countmax="2" />
		<item id="26031" name="supreme health potion" chance="58095" countmax="20" />
		<item id="26030" name="ultimate spirit potion" chance="56190" countmax="20" />
		<item id="26029" name="ultimate mana potion" chance="52381" countmax="20" />
		<item id="2156" name="red gem" chance="38095" countmax="2" />
		<item id="2154" name="yellow gem" chance="29524" countmax="2" />
		<item id="2477" name="knight legs" chance="27619" />
		<item id="7439" name="berserk potion" chance="24762" countmax="10" />
		<item id="2160" name="crystal coin" chance="20952" countmax="2" />
		<item id="2158" name="blue gem" chance="20000" />
		<item id="7443" name="bullseye potion" chance="17143" countmax="10" />
		<item id="9971" name="gold ingot" chance="15238" />
		<item id="2155" name="green gem" chance="14286" countmax="2" />
		<item id="2436" name="skull staff" chance="14286" />
		<item id="7440" name="mastermind potion" chance="13333" countmax="10" />
		<item id="26200" name="collar of red plasma" chance="12381" />
		<item id="5904" name="magic sulphur" chance="12381" />
		<item id="26199" name="collar of green plasma" chance="11429" />
		<item id="7891" name="magma boots" chance="10476" />
		<item id="26198" name="collar of blue plasma" chance="9524" />
		<item id="34246" name="young lich worm" chance="9524" />
		<item id="26185" name="ring of blue plasma" chance="8571" />
		<item id="26187" name="ring of green plasma" chance="7619" />
		<item id="2153" name="violet gem" chance="6667" />
		<item id="26189" name="ring of red plasma" chance="5714" />
		<item id="34244" name="ancient liche bone" chance="4762" />
		<item id="32716" name="giant emerald" chance="4762" />
		<item id="34245" name="rotten heart" chance="4762" />
		<item id="34234" name="bear skin" chance="1905" />
		<item id="34394" name="final judgement" chance="1905" />
		<item id="34247" name="medal of valiance" chance="1905" />
		<item id="34235" name="embrace of nature" chance="952" />
		<item id="32717" name="giant sapphire" chance="952" />
		<item id="34233" name="terra helmet" chance="952" />
	</loot>
</monster>
