<?xml version="1.0" encoding="UTF-8"?>
<monster name="Crawler" nameDescription="a crawler" race="venom" experience="1000" speed="200" raceId="786">
	<health now="1450" max="1450" />
	<look type="456" corpse="15292" />
	<targetchange interval="4000" chance="10" />
	<flags>
		<flag summonable="0" />
		<flag attackable="1" />
		<flag hostile="1" />
		<flag illusionable="1" />
		<flag convinceable="0" />
		<flag pushable="1" />
		<flag canpushitems="1" />
		<flag canpushcreatures="1" />
		<flag targetdistance="1" />
		<flag runonhealth="40" />
		<flag canwalkonenergy="0" />
		<flag canwalkonfire="0" />
	</flags>
	<bestiary class="Vermin" prowess="50" expertise="500" mastery="1000" charmPoints="50" difficulty="medium" occurrence="common" locations="Crawler Locations..." />
	<attacks>
		<attack name="melee" interval="2000" min="0" max="-228" poison="80" />
		<attack name="earth" interval="2000" chance="20" range="7" min="-100" max="-180">
			<attribute key="shootEffect" value="smallearth" />
		</attack>
	</attacks>
	<defenses armor="30" defense="30">
		<defense name="speed" interval="2000" chance="15" speedchange="300" duration="3000">
			<attribute key="areaEffect" value="redshimmer" />
		</defense>
	</defenses>
	<elements>
		<element deathPercent="5" />
		<element holyPercent="-5" />
		<element firePercent="-10" />
		<element icePercent="-5" />
	</elements>
	<immunities>
		<immunity earth="1" />
		<immunity invisible="1" />
	</immunities>
	<voices interval="5000" chance="10">
		<voice sentence="Sssschrchrsss!" />
	</voices>
	<loot>
		<item name="gold coin" countmax="100" chance="50000" />
		<item name="gold coin" countmax="90" chance="50000" />
		<item name="yellow gem" chance="530" />
		<item name="life ring" chance="50000" />
		<item name="war hammer" chance="2070" />
		<item name="great mana potion" chance="9300" />
		<item name="great health potion" chance="6200" />
		<item name="springsprout rod" chance="710" />
		<item name="small topaz" countmax="2" chance="10040" />
		<item name="crawler head plating" chance="18430" />
		<item name="compound eye" chance="14640" />
		<item name="grasshopper legs" chance="100" />
	</loot>
</monster>
