<?xml version="1.0" encoding="UTF-8"?>
<monster name="Crocodile" nameDescription="a crocodile" race="blood" experience="40" speed="156" manacost="350" raceId="119">
	<health now="105" max="105" />
	<look type="119" corpse="6046" />
	<targetchange interval="5000" chance="0" />
	<flags>
		<flag summonable="1" />
		<flag attackable="1" />
		<flag hostile="1" />
		<flag illusionable="1" />
		<flag convinceable="1" />
		<flag pushable="0" />
		<flag canpushitems="1" />
		<flag canpushcreatures="1" />
		<flag targetdistance="1" />
		<flag staticattack="90" />
		<flag runonhealth="10" />
		<flag canwalkonenergy="0" />
		<flag canwalkonfire="0" />
		<flag canwalkonpoison="0" />
	</flags>
	<bestiary class="Reptile" prowess="25" expertise="250" mastery="500" charmPoints="30" difficulty="easy" occurrence="common" locations="Crocodile Locations..." />
	<attacks>
		<attack name="melee" interval="2000" min="0" max="-40" />
	</attacks>
	<defenses armor="13" defense="13" />
	<elements>
		<element physicalPercent="-10" />
		<element energyPercent="-5" />
		<element earthPercent="20" />
		<element firePercent="-10" />
		<element icePercent="10" />
	</elements>
	<loot>
		<item id="2148" name="gold coin" chance="49805" countmax="10" />
		<item id="2671" name="ham" chance="39795" />
		<item id="11196" name="piece of crocodile leather" chance="20032" />
		<item id="3982" name="crocodile boots" chance="86" />
	</loot>
</monster>
