<?xml version="1.0" encoding="UTF-8"?>
<monster name="Custodian" nameDescription="Custodian" race="blood" experience="27500" speed="210">
	<health now="47000" max="47000" />
	<look type="1217" head="1" body="1" legs="19" feet="19" addons="1" corpse="34579" />
	<targetchange interval="2000" chance="5" />
	<flags>
		<flag attackable="1" />
		<flag hostile="1" />
		<flag summonable="0" />
		<flag convinceable="0" />
		<flag illusionable="0" />
		<flag isboss="1" />
		<flag ignorespawnblock="0" />
		<flag pushable="0" />
		<flag canpushitems="0" />
		<flag canpushcreatures="0" />
		<flag staticattack="90" />
		<flag targetdistance="1" />
		<flag canwalkonenergy="0" />
		<flag canwalkonfire="0" />
		<flag canwalkonpoison="0" />
	</flags>
	<attacks>
		<attack name="melee" interval="2000" min="0" max="-550" />
		<attack name="explosion wave" interval="2000" chance="14" min="-450" max="-600" />
		<attack name="physical" interval="2000" chance="10" radius="5" min="-400" max="-610">
			<attribute key="areaEffect" value="explosion" />
		</attack>
		<attack name="fire" interval="2000" chance="12" radius="4" min="-500" max="-730">
			<attribute key="areaEffect" value="fireattack" />
		</attack>
	</attacks>
	<defenses armor="86" defense="86" />
	<immunities>
		<immunity paralyze="1" />
		<immunity invisible="1" />
		<immunity drunk="1" />
	</immunities>
	<loot>
		<item id="2152" name="platinum coin" chance="100000" countmax="23" />
		<item id="34334" name="cobra crest" chance="21053" />
		<item id="2432" name="fire axe" chance="10526" />
	</loot>
</monster>
