<?xml version="1.0" encoding="UTF-8"?>
<monster name="Cyclops Smith" nameDescription="a cyclops smith" race="blood" experience="255" speed="204" manacost="695" raceId="389">
	<health now="435" max="435" />
	<look type="277" corpse="7740" />
	<targetchange interval="4000" chance="10" />
	<flags>
		<flag summonable="0" />
		<flag attackable="1" />
		<flag hostile="1" />
		<flag illusionable="0" />
		<flag convinceable="1" />
		<flag pushable="0" />
		<flag canpushitems="1" />
		<flag canpushcreatures="1" />
		<flag targetdistance="1" />
		<flag runonhealth="0" />
		<flag canwalkonenergy="0" />
		<flag canwalkonfire="0" />
		<flag canwalkonpoison="0" />
	</flags>
	<bestiary class="Giant" prowess="50" expertise="500" mastery="1000" charmPoints="50" difficulty="medium" occurrence="common" locations="Cyclops Smith Locations..." />
	<attacks>
		<attack name="melee" interval="2000" min="0" max="-150" />
		<attack name="physical" interval="2000" chance="10" range="7" min="0" max="-70">
			<attribute key="shootEffect" value="whirlwindclub" />
		</attack>
		<attack name="drunk" interval="2000" chance="10" duration="4000">
			<attribute key="shootEffect" value="whirlwindclub" />
			<attribute key="areaEffect" value="stun" />
		</attack>
	</attacks>
	<defenses armor="28" defense="28" />
	<elements>
		<element energyPercent="20" />
		<element earthPercent="-10" />
		<element firePercent="10" />
		<element holyPercent="20" />
		<element deathPercent="-5" />
	</elements>
	<voices interval="5000" chance="10">
		<voice sentence="Outis emoi g' onoma." />
		<voice sentence="Whack da humy!" />
		<voice sentence="Ai humy phary ty kaynon" />
	</voices>
	<loot>
		<item id="2148" name="gold coin" chance="82761" countmax="70" />
		<item id="2666" name="meat" chance="50252" />
		<item id="10574" name="cyclops toe" chance="10011" />
		<item id="2513" name="battle shield" chance="6211" />
		<item id="2378" name="battle axe" chance="5139" />
		<item id="2417" name="battle hammer" chance="5117" />
		<item id="2510" name="plate shield" chance="2099" />
		<item id="2442" name="heavy machete" chance="2064" />
		<item id="2387" name="double axe" chance="977" />
		<item id="7588" name="strong health potion" chance="520" />
		<item id="2490" name="dark helmet" chance="199" />
		<item id="7452" name="spiked squelcher" chance="142" />
		<item id="7398" name="cyclops trophy" chance="126" />
		<item id="2209" name="club ring" chance="88" />
	</loot>
</monster>
