<?xml version="1.0" encoding="UTF-8"?>
<monster name="Damaged Worker Golem" nameDescription="a damaged worker golem" race="energy" experience="95" speed="200" raceId="524">
	<health now="260" max="260" />
	<look type="304" corpse="9801" />
	<targetchange interval="4000" chance="10" />
	<flags>
		<flag summonable="0" />
		<flag attackable="1" />
		<flag hostile="1" />
		<flag illusionable="0" />
		<flag convinceable="0" />
		<flag pushable="0" />
		<flag canpushitems="1" />
		<flag canpushcreatures="1" />
		<flag targetdistance="1" />
		<flag staticattack="90" />
		<flag runonhealth="0" />
		<flag canwalkonenergy="0" />
		<flag canwalkonfire="0" />
	</flags>
	<bestiary class="Construct" prowess="25" expertise="250" mastery="500" charmPoints="30" difficulty="easy" occurrence="common" locations="Damaged Worker Golem Locations..." />
	<attacks>
		<attack name="melee" interval="2000" min="0" max="-45" />
		<attack name="physical" interval="2000" chance="15" range="7" min="0" max="-45">
			<attribute key="shootEffect" value="smallstone" />
		</attack>
	</attacks>
	<defenses armor="25" defense="25">
		<defense name="healing" interval="2000" chance="10" min="5" max="11">
			<attribute key="areaEffect" value="blueshimmer" />
		</defense>
	</defenses>
	<elements>
		<element earthPercent="50" />
		<element holyPercent="50" />
		<element firePercent="-10" />
		<element energyPercent="-5" />
		<element physicalPercent="25" />
		<element icePercent="10" />
		<element deathPercent="10" />
	</elements>
	<immunities>
		<immunity invisible="1" />
		<immunity paralyze="1" />
	</immunities>
	<voices interval="5000" chance="10">
		<voice sentence="Klonk klonk klonk" />
		<voice sentence="Failure! Failure!" />
		<voice sentence="Good morning citizen. How may I serve you?" />
		<voice sentence="Target identified: Rat! Termination initiated!" />
		<voice sentence="Rrrtttarrrttarrrtta" />
		<voice sentence="Danger will...chrrr! Danger!" />
		<voice sentence="Self-diagnosis failed." />
		<voice sentence="Aw... chhhrrr orders." />
	</voices>
	<loot>
		<item name="gold coin" countmax="88" chance="68810" />
		<item name="sword ring" chance="570" />
		<item name="iron ore" chance="400" />
		<item name="nail" chance="1460" />
		<item id="9808" chance="790" /><!-- rusty armor (common) -->
		<item name="gear crystal" chance="200" />
	</loot>
</monster>
