<?xml version="1.0" encoding="UTF-8"?>
<monster name="Damned Soul" nameDescription="a damned soul" race="undead" experience="300" speed="380">
	<health now="800" max="800" />
	<look type="232" corpse="25354" />
	<targetchange interval="2000" chance="5" />
	<flags>
		<flag pushable="0" />
		<flag canpushitems="0" />
		<flag canpushcreatures="0" />
		<flag staticattack="90" />
		<flag targetdistance="1" />
		<flag canwalkonenergy="0" />
		<flag canwalkonfire="0" />
		<flag canwalkonpoison="0" />
	</flags>
	<defenses armor="30" defense="30" />
	<elements>
		<element holyPercent="-10" />
	</elements>
	<immunities>
		<immunity earth="1" />
		<immunity fire="1" />
		<immunity death="1" />
		<immunity paralyze="1" />
		<immunity invisible="1" />
		<immunity drunk="1" />
	</immunities>
</monster>
