<?xml version="1.0" encoding="UTF-8"?>
<monster name="Dark Apprentice" nameDescription="a dark apprentice" race="blood" experience="100" speed="190" raceId="372">
	<health now="225" max="225" />
	<look type="133" head="78" body="57" legs="95" feet="115" addons="1" corpse="20363" />
	<targetchange interval="4000" chance="10" />
	<flags>
		<flag summonable="0" />
		<flag attackable="1" />
		<flag hostile="1" />
		<flag illusionable="0" />
		<flag convinceable="0" />
		<flag pushable="0" />
		<flag canpushitems="1" />
		<flag canpushcreatures="1" />
		<flag targetdistance="4" />
		<flag staticattack="90" />
		<flag runonhealth="0" />
		<flag canwalkonenergy="0" />
		<flag canwalkonfire="0" />
		<flag canwalkonpoison="0" />
	</flags>
	<bestiary class="Human" prowess="25" expertise="250" mastery="500" charmPoints="30" difficulty="easy" occurrence="common" locations="Dark Apprentice Locations..." />
	<attacks>
		<attack name="melee" interval="2000" min="0" max="-60" />
		<attack name="fire" interval="2000" chance="10" range="7" min="-2" max="-26">
			<attribute key="shootEffect" value="fire" />
		</attack>
		<attack name="energy" interval="2000" chance="10" range="7" min="-10" max="-20">
			<attribute key="shootEffect" value="energy" />
		</attack>
		<attack name="physical" interval="2000" chance="10" range="7" min="0" max="-24">
			<attribute key="shootEffect" value="smallstone" />
		</attack>
		<attack name="outfit" interval="2000" chance="1" target="1" range="3" monster="cyclops" duration="2000">
			<attribute key="shootEffect" value="explosion" />
		</attack>
		<attack name="outfit" interval="2000" chance="1" target="0" radius="4" item="2324" duration="2000">
			<attribute key="areaEffect" value="blueshimmer" />
		</attack>
	</attacks>
	<defenses armor="15" defense="15">
		<defense name="healing" interval="2000" chance="15" min="30" max="40">
			<attribute key="areaEffect" value="greenshimmer" />
		</defense>
		<defense name="outfit" interval="2000" chance="5" target="1" monster="green frog" duration="3000" />
	</defenses>
	<elements>
		<element deathPercent="-5" />
	</elements>
	<immunities>
		<immunity invisible="1" />
	</immunities>
	<voices interval="5000" chance="10">
		<voice sentence="Outch!" />
		<voice sentence="Oops, I did it again." />
		<voice sentence="From the spirits that I called Sir, deliver me!" />
		<voice sentence="I must dispose of my masters enemies!" />
	</voices>
	<loot>
		<item id="2148" name="gold coin" chance="75041" countmax="45" />
		<item id="36893" name="dead frog" chance="11917" />
		<item id="2260" name="blank rune" chance="8034" countmax="3" />
		<item id="7620" name="mana potion" chance="2995" />
		<item id="7618" name="health potion" chance="2884" />
		<item id="2191" name="wand of dragonbreath" chance="2004" />
		<item id="2188" name="wand of decay" chance="108" />
		<item id="13295" name="reins" chance="7" />
	</loot>
</monster>
