<?xml version="1.0" encoding="UTF-8"?>
<monster name="Dark Druid" nameDescription="a dark druid" race="blood" experience="0" speed="250">
	<health now="1000" max="1000" />
	<look type="144" head="95" body="95" legs="95" feet="95" addons="1" corpse="0" />
	<targetchange interval="2000" chance="5" />
	<flags>
		<flag attackable="1" />
		<flag hostile="1" />
		<flag summonable="0" />
		<flag convinceable="0" />
		<flag illusionable="0" />
		<flag isboss="0" />
		<flag ignorespawnblock="0" />
		<flag pushable="0" />
		<flag canpushitems="0" />
		<flag canpushcreatures="0" />
		<flag staticattack="90" />
		<flag targetdistance="1" />
		<flag canwalkonenergy="0" />
		<flag canwalkonfire="0" />
		<flag canwalkonpoison="0" />
	</flags>
	<attacks>
		<attack name="melee" interval="2000" min="0" max="-300" />
		<attack name="physical" interval="2000" chance="20" range="7" min="0" max="-200" />
	</attacks>
	<defenses armor="10" defense="10" />
	<elements>
		<element firePercent="95" />
		<element energyPercent="80" />
		<element physicalPercent="20" />
		<element deathPercent="20" />
		<element holyPercent="-10" />
	</elements>
	<immunities>
		<immunity paralyze="1" />
		<immunity invisible="1" />
		<immunity drunk="1" />
	</immunities>
</monster>
