<?xml version="1.0" encoding="UTF-8"?>
<monster name="Dark Faun" nameDescription="a dark faun" race="blood" experience="900" speed="216" raceId="1496">
	<health now="1100" max="1100" />
	<look type="980" head="94" body="95" legs="0" feet="94" corpse="28471" />
	<targetchange interval="2000" chance="5" />
	<flags>
		<flag pushable="0" />
		<flag canpushitems="0" />
		<flag canpushcreatures="0" />
		<flag staticattack="90" />
		<flag targetdistance="1" />
		<flag canwalkonenergy="0" />
		<flag canwalkonfire="0" />
		<flag canwalkonpoison="0" />
	</flags>
	<bestiary class="Fey" prowess="50" expertise="500" mastery="1000" charmPoints="50" difficulty="medium" occurrence="common" locations="Dark Faun Locations..." />
	<attacks>
		<attack name="melee" interval="2000" min="0" max="-515" />
		<attack name="earth" interval="2000" chance="15" range="7" target="1" min="-60" max="-115">
			<attribute key="shootEffect" value="poison" />
			<attribute key="areaEffect" value="poison" />
		</attack>
		<attack name="drunk" interval="2000" chance="11" length="4" spread="2" target="0" duration="25000">
			<attribute key="areaEffect" value="purplenote" />
		</attack>
		<attack name="physical" interval="2000" chance="30" range="7" min="0" max="-100">
			<attribute key="shootEffect" value="leafstar" />
		</attack>
	</attacks>
	<defenses armor="50" defense="50">
		<defense name="healing" interval="2000" chance="15" min="85" max="105">
			<attribute key="areaEffect" value="blueshimmer" />
		</defense>
	</defenses>
	<immunities>
		<immunity invisible="1" />
		<immunity drunk="1" />
	</immunities>
	<elements>
		<element physicalPercent="10" />
		<element energyPercent="-10" />
		<element earthPercent="70" />
		<element firePercent="-5" />
		<element holyPercent="-10" />
		<element deathPercent="40" />
	</elements>
	<voices interval="1000" chance="5">
		<voice sentence="This will be your last dance!" />
		<voice sentence="This is a nightmare and you won't wake up!" />
		<voice sentence="Blood, fight and rage!" />
		<voice sentence="You're a threat to this realm! You have to die!" />
	</voices>
	<loot>
		<item id="2148" name="gold coin" chance="100000" countmax="160" />
		<item id="28350" name="fairy wings" chance="15714" />
		<item id="7588" name="strong health potion" chance="12094" countmax="2" />
		<item id="28349" name="shimmering beetles" chance="9735" />
		<item id="2760" name="goat grass" chance="7489" />
		<item id="28391" name="leaf star" chance="6727" countmax="8" />
		<item id="27039" name="cave turnip" chance="5841" countmax="2" />
		<item id="1294" name="small stone" chance="5117" countmax="5" />
		<item id="27618" name="prismatic quartz" chance="5067" />
		<item id="2792" name="dark mushroom" chance="5005" countmax="2" />
		<item id="7591" name="great health potion" chance="3520" countmax="2" />
		<item id="2074" name="panpipes" chance="3045" />
		<item id="7759" name="small enchanted sapphire" chance="2783" countmax="2" />
		<item id="2664" name="wood cape" chance="1697" />
		<item id="9928" name="leaf legs" chance="524" />
		<item id="28355" name="wooden spellbook" chance="374" />
		<item id="5792" name="die" chance="125" />
		<item id="5015" name="mandrake" chance="62" />
	</loot>
</monster>
