<?xml version="1.0" encoding="UTF-8"?>
<monster name="Dark Soul" nameDescription="a dark soul" race="undead" experience="0" speed="160">
	<health now="5000" max="5000" />
	<look type="714" corpse="0" />
	<targetchange interval="2000" chance="5" />
	<flags>
		<flag illusionable="1" />
		<flag pushable="0" />
		<flag canpushitems="0" />
		<flag canpushcreatures="0" />
		<flag staticattack="90" />
		<flag targetdistance="1" />
		<flag canwalkonenergy="0" />
		<flag canwalkonfire="0" />
		<flag canwalkonpoison="0" />
	</flags>
	<defenses armor="30" defense="30">
		<defense name="speed" interval="2000" chance="8" speedchange="240" duration="20000">
			<attribute key="areaEffect" value="greenshimmer" />
		</defense>
		<defense name="healing" interval="2000" chance="25" min="200" max="250">
			<attribute key="areaEffect" value="blueshimmer" />
		</defense>
		<defense name="invisible" interval="2000" chance="15" duration="2000">
			<attribute key="areaEffect" value="blueshimmer" />
		</defense>
	</defenses>
	<immunities>
		<immunity paralyze="1" />
		<immunity invisible="1" />
		<immunity drunk="1" />
	</immunities>
</monster>
