<?xml version="1.0" encoding="UTF-8"?>
<monster name="Dark Torturer" nameDescription="a dark torturer" race="blood" experience="4650" speed="370" raceId="285">
	<health now="7350" max="7350" />
	<look type="234" corpse="6328" />
	<targetchange interval="4000" chance="10" />
	<flags>
		<flag summonable="0" />
		<flag attackable="1" />
		<flag hostile="1" />
		<flag illusionable="0" />
		<flag convinceable="0" />
		<flag pushable="0" />
		<flag canpushitems="1" />
		<flag canpushcreatures="1" />
		<flag targetdistance="1" />
		<flag staticattack="80" />
		<flag runonhealth="0" />
		<flag canwalkonenergy="0" />
	</flags>
	<bestiary class="Demon" prowess="100" expertise="1000" mastery="2500" charmPoints="100" difficulty="hard" occurrence="common" locations="Dark Torturer Locations..." />
	<attacks>
		<attack name="melee" interval="2000" min="0" max="-500" />
		<attack name="physical" interval="2000" chance="10" range="7" min="0" max="-781">
			<attribute key="shootEffect" value="throwingknife" />
		</attack>
		<attack name="dark torturer skill reducer" interval="2000" chance="5" />
	</attacks>
	<defenses armor="45" defense="45">
		<defense name="healing" interval="2000" chance="10" min="200" max="250">
			<attribute key="areaEffect" value="blueshimmer" />
		</defense>
	</defenses>
	<elements>
		<element energyPercent="30" />
		<element earthPercent="90" />
		<element icePercent="-10" />
		<element holyPercent="-10" />
		<element deathPercent="10" />
	</elements>
	<immunities>
		<immunity fire="1" />
		<immunity invisible="1" />
	</immunities>
	<voices interval="5000" chance="10">
		<voice sentence="You like it, don't you?" />
		<voice sentence="IahaEhheAie!" />
		<voice sentence="It's party time!" />
		<voice sentence="Harrr, Harrr!" />
		<voice sentence="The torturer is in!" />
	</voices>
	<loot>
		<item id="2148" name="gold coin" chance="100000" countmax="199" />
		<item id="2671" name="ham" chance="65733" />
		<item id="2152" name="platinum coin" chance="57202" countmax="8" />
		<item id="6558" name="flask of demonic blood" chance="35009" />
		<item id="5944" name="soul orb" chance="24088" />
		<item id="7590" name="great mana potion" chance="15083" countmax="2" />
		<item id="7591" name="great health potion" chance="9602" countmax="2" />
		<item id="6500" name="demonic essence" chance="8860" />
		<item id="2558" name="saw" chance="5316" />
		<item id="2645" name="steel boots" chance="5007" />
		<item id="9971" name="gold ingot" chance="3132" />
		<item id="5022" name="orichalcum pearl" chance="2823" countmax="2" />
		<item id="5480" name="cat's paw" chance="2061" />
		<item id="6300" name="death ring" chance="1958" />
		<item id="7368" name="assassin star" chance="1772" countmax="5" />
		<item id="5801" name="jewelled backpack" chance="845" />
		<item id="7412" name="butcher's axe" chance="762" />
		<item id="7388" name="vile axe" chance="536" />
		<item id="2470" name="golden legs" chance="82" />
	</loot>
</monster>
