<?xml version="1.0" encoding="UTF-8"?>
<monster name="Dazed Leaf Golem" nameDescription="a dazed leaf golem" race="undead" experience="8000" speed="350">
	<health now="10000" max="10000" />
	<look type="567" corpse="21434" />
	<targetchange interval="2000" chance="5" />
	<flags>
		<flag ignorespawnblock="1" />
		<flag pushable="0" />
		<flag canpushitems="0" />
		<flag canpushcreatures="0" />
		<flag staticattack="90" />
		<flag targetdistance="1" />
		<flag canwalkonenergy="0" />
		<flag canwalkonfire="0" />
		<flag canwalkonpoison="0" />
	</flags>
	<attacks>
		<attack name="melee" interval="2000" min="0" max="-200" />
		<attack name="physical" interval="1000" chance="15" range="7" min="0" max="-180">
			<attribute key="shootEffect" value="snowball" />
			<attribute key="areaEffect" value="poff" />
		</attack>
		<attack name="energy" interval="1000" chance="12" length="3" spread="3" min="0" max="-175">
			<attribute key="areaEffect" value="poff" />
		</attack>
	</attacks>
	<defenses armor="30" defense="30" />
	<immunities>
		<immunity paralyze="1" />
		<immunity invisible="1" />
		<immunity drunk="1" />
	</immunities>
	<elements>
		<element earthPercent="50" />
	</elements>
	<loot>
		<item id="2148" name="gold coin" chance="90000" countmax="924" />
		<item id="21428" name="fir cone" chance="40000" countmax="3" />
		<item id="21427" name="dowser" chance="30000" countmax="2" />
	</loot>
</monster>
