<?xml version="1.0" encoding="UTF-8"?>
<monster name="Death Dragon" nameDescription="a death dragon" race="undead" experience="320" speed="330">
	<health now="8350" max="8350" />
	<look type="231" corpse="0" />
	<targetchange interval="2000" chance="5" />
	<flags>
		<flag pushable="0" />
		<flag canpushitems="0" />
		<flag canpushcreatures="0" />
		<flag staticattack="90" />
		<flag targetdistance="1" />
		<flag canwalkonenergy="0" />
		<flag canwalkonfire="0" />
		<flag canwalkonpoison="0" />
	</flags>
	<attacks>
		<attack name="melee" interval="2000" min="0" max="-480" />
		<attack name="poison" interval="2000" chance="9" range="7" radius="4" target="1" min="-100" max="-400">
			<attribute key="shootEffect" value="poison" />
			<attribute key="areaEffect" value="poison" />
		</attack>
		<attack name="lifedrain" interval="2000" chance="9" range="7" radius="4" target="1" min="-100" max="-400">
			<attribute key="shootEffect" value="death" />
			<attribute key="areaEffect" value="redspark" />
		</attack>
		<attack name="physical" interval="2000" chance="11" range="7" min="0" max="-615">
			<attribute key="shootEffect" value="death" />
			<attribute key="areaEffect" value="mortarea" />
		</attack>
		<attack name="undead dragon curse" interval="2000" chance="9" />
		<attack name="lifedrain" interval="2000" chance="9" length="8" spread="3" min="-200" max="-700">
			<attribute key="areaEffect" value="redshimmer" />
		</attack>
		<attack name="death" interval="2000" chance="9" length="8" spread="3" min="-400" max="-550">
			<attribute key="areaEffect" value="smallclouds" />
		</attack>
	</attacks>
	<defenses armor="45" defense="63">
		<defense name="healing" interval="2000" chance="15" min="200" max="250">
			<attribute key="areaEffect" value="redshimmer" />
		</defense>
	</defenses>
	<immunities>
		<immunity earth="1" />
		<immunity death="1" />
		<immunity paralyze="1" />
		<immunity invisible="1" />
		<immunity drunk="1" />
	</immunities>
</monster>
