<?xml version="1.0" encoding="UTF-8"?>
<monster name="Deathbine" nameDescription="Deathbine" race="venom" experience="340" speed="240">
	<health now="525" max="525" />
	<look type="120" corpse="6047" />
	<targetchange interval="5000" chance="8" />
	<flags>
		<flag summonable="0" />
		<flag attackable="1" />
		<flag hostile="1" />
		<flag illusionable="0" />
		<flag convinceable="0" />
		<flag pushable="0" />
		<flag canpushitems="1" />
		<flag canpushcreatures="1" />
		<flag targetdistance="1" />
		<flag staticattack="90" />
		<flag runonhealth="0" />
		<flag canwalkonenergy="0" />
		<flag canwalkonfire="0" />
		<flag isboss="1" />
	</flags>
	<attacks>
		<attack name="melee" interval="2000" min="0" max="-200" poison="5" />
		<attack name="earth" interval="1000" chance="25" range="7" min="-60" max="-90">
			<attribute key="shootEffect" value="poison" />
			<attribute key="areaEffect" value="greenspark" />
		</attack>
		<attack name="speed" interval="1000" chance="34" range="7" speedchange="-850" duration="30000">
			<attribute key="shootEffect" value="poison" />
			<attribute key="areaEffect" value="greenspark" />
		</attack>
		<attack name="earth" interval="1000" chance="12" radius="3" target="0" min="-40" max="-130">
			<attribute key="areaEffect" value="poison" />
		</attack>
	</attacks>
	<defenses armor="26" defense="10" />
	<elements>
		<element icePercent="35" />
		<element energyPercent="10" />
		<element firePercent="-20" />
	</elements>
	<immunities>
		<immunity earth="1" />
		<immunity invisible="1" />
	</immunities>
	<loot>
		<item name="small emerald" countmax="4" chance="100000" />
		<item name="platinum coin" countmax="5" chance="100000" />
		<item name="dark mushroom" chance="50000" />
		<item name="shadow herb" chance="100000" />
		<item name="mandrake" chance="5555" />
		<item name="seeds" chance="50000" />
		<item name="terra boots" chance="50000" />
		<item name="terra amulet" chance="50000" />
		<item name="springsprout rod" chance="50000" />
		<item name="carniphila seeds" chance="100000" />
		<item name="sweet smelling bait" chance="2854" />
	</loot>
</monster>
