<?xml version="1.0" encoding="UTF-8"?>
<monster name="Deepling Spellsinger" nameDescription="a deepling spellsinger" race="blood" experience="1000" speed="190" raceId="772">
	<health now="850" max="850" />
	<look type="443" corpse="15208" />
	<targetchange interval="4000" chance="10" />
	<flags>
		<flag summonable="0" />
		<flag attackable="1" />
		<flag hostile="1" />
		<flag illusionable="1" />
		<flag convinceable="0" />
		<flag pushable="1" />
		<flag canpushitems="1" />
		<flag canpushcreatures="1" />
		<flag targetdistance="1" />
		<flag staticattack="60" />
		<flag runonhealth="60" />
		<flag canwalkonenergy="0" />
		<flag canwalkonpoison="0" />
	</flags>
	<bestiary class="Aquatic" prowess="50" expertise="500" mastery="1000" charmPoints="50" difficulty="medium" occurrence="common" locations="Deepling Spellsinger Locations..." />
	<attacks>
		<attack name="melee" interval="2000" min="0" max="-152" />
		<attack name="ice" interval="2000" chance="10" length="10" spread="3" min="-180" max="-350">
			<attribute key="areaEffect" value="icetornado" />
		</attack>
		<attack name="drown" interval="2000" chance="20" target="1" radius="4" min="-90" max="-130">
			<attribute key="areaEffect" value="bubbles" />
		</attack>
		<attack name="lifedrain" interval="2000" chance="15" range="7" min="-60" max="-140">
			<attribute key="areaEffect" value="smallplants" />
		</attack>
		<attack name="manadrain" interval="2000" chance="10" range="7" min="-60" max="-140">
			<attribute key="areaEffect" value="smallplants" />
		</attack>
		<attack name="deepling spellsinger skill reducer" range="5" interval="2000" chance="5" />
	</attacks>
	<defenses armor="25" defense="25" />
	<elements>
		<element earthPercent="-20" />
		<element energyPercent="-20" />
		<element deathPercent="50" />
	</elements>
	<immunities>
		<immunity invisible="1" />
		<immunity ice="1" />
		<immunity drown="1" />
		<immunity fire="1" />
	</immunities>
	<voices interval="5000" chance="10">
		<voice sentence="Jey Obu giotja!!" />
		<voice sentence="Mmmmmoooaaaaaahaaa!!" />
	</voices>
	<loot>
		<item name="small sapphire" chance="2854" />
		<item name="gold coin" countmax="60" chance="70000" />
		<item name="platinum coin" chance="80000" />
		<item name="life ring" chance="2439" />
		<item id="2667" chance="3448" /><!-- fish -->
		<item name="fish fin" chance="498" />
		<item name="eye of a deepling" chance="2500" />
		<item name="deepling staff" chance="2000" />
		<item name="necklace of the deep" chance="813" />
		<item name="spellsinger's seal" chance="14285" />
		<item name="key to the Drowned Library" chance="10000" />
		<item name="deepling filet" chance="14285" />
		<item name="ornate crossbow" chance="220" />
	</loot>
</monster>
