<?xml version="1.0" encoding="UTF-8"?>
<monster name="Deep Terror" nameDescription="Deep Terror" race="blood" experience="35000" speed="200">
	<health now="100000" max="100000" />
	<look type="676" corpse="24269" />
	<targetchange interval="2000" chance="5" />
	<flags>
		<flag isboss="1" />
		<flag pushable="0" />
		<flag canpushitems="1" />
		<flag canpushcreatures="1" />
		<flag staticattack="90" />
		<flag targetdistance="1" />
		<flag canwalkonenergy="0" />
		<flag canwalkonfire="0" />
		<flag canwalkonpoison="0" />
	</flags>
	<attacks>
		<attack name="melee" interval="2000" min="0" max="-945" />
		<attack name="physical" interval="2000" chance="32" radius="8" target="0" min="-200" max="-400">
			<attribute key="areaEffect" value="carniphila" />
		</attack>
		<attack name="poison" interval="2000" chance="19" range="7" radius="3" target="1" min="-300" max="-700">
			<attribute key="shootEffect" value="poison" />
			<attribute key="areaEffect" value="carniphila" />
		</attack>
		<attack name="physical" interval="2000" chance="25" length="7" spread="0" min="-500" max="-1000">
			<attribute key="areaEffect" value="groundshaker" />
		</attack>
	</attacks>
	<defenses armor="30" defense="30">
		<defense name="healing" interval="2000" chance="11" min="500" max="1000">
			<attribute key="areaEffect" value="blueshimmer" />
		</defense>
	</defenses>
	<elements>
		<element deathPercent="10" />
	</elements>
	<immunities>
		<immunity paralyze="1" />
		<immunity invisible="1" />
		<immunity drunk="1" />
	</immunities>
	<loot>
		<item id="23574" name="glooth bag" chance="100000" countmax="2" />
		<item id="9971" name="gold ingot" chance="100000" />
	</loot>
</monster>
