<?xml version="1.0" encoding="UTF-8"?>
<monster name="Demon" nameDescription="a demon" race="fire" experience="6000" speed="256" raceId="35">
	<health now="8200" max="8200" />
	<look type="35" corpse="5995" />
	<targetchange interval="4000" chance="20" />
	<flags>
		<flag summonable="0" />
		<flag attackable="1" />
		<flag hostile="1" />
		<flag illusionable="0" />
		<flag convinceable="0" />
		<flag pushable="0" />
		<flag canpushitems="1" />
		<flag canpushcreatures="1" />
		<flag targetdistance="1" />
		<flag staticattack="70" />
		<flag runonhealth="0" />
	</flags>
	<bestiary class="Demon" prowess="100" expertise="1000" mastery="2500" charmPoints="100" difficulty="hard" occurrence="common" locations="Demon Locations..." />
	<attacks>
		<attack name="melee" interval="2000" min="0" max="-500" />
		<attack name="manadrain" interval="2000" chance="10" range="7" min="-30" max="-120" />
		<attack name="fire" interval="2000" chance="20" range="7" radius="7" target="0" min="-150" max="-250">
			<attribute key="shootEffect" value="fire" />
			<attribute key="areaEffect" value="firearea" />
		</attack>
		<attack name="firefield" interval="2000" chance="10" range="7" radius="1" target="1">
			<attribute key="shootEffect" value="fire" />
		</attack>
		<attack name="lifedrain" interval="2000" chance="10" length="8" spread="0" min="-300" max="-480">
			<attribute key="areaEffect" value="purpleenergy" />
		</attack>
		<attack name="energy" interval="2000" chance="10" range="1" min="-210" max="-300">
			<attribute key="shootEffect" value="energy" />
		</attack>
		<attack name="speed" interval="2000" chance="15" range="7" radius="1" target="1" speedchange="-700" duration="30000">
			<attribute key="areaEffect" value="redshimmer" />
		</attack>
	</attacks>
	<defenses armor="44" defense="44">
		<defense name="healing" interval="2000" chance="15" min="80" max="250">
			<attribute key="areaEffect" value="blueshimmer" />
		</defense>
		<defense name="speed" interval="2000" chance="15" speedchange="320" duration="5000">
			<attribute key="areaEffect" value="redshimmer" />
		</defense>
	</defenses>
	<elements>
		<element physicalPercent="25" />
		<element deathPercent="20" />
		<element energyPercent="50" />
		<element earthPercent="40" />
		<element icePercent="-12" />
		<element holyPercent="-12" />
	</elements>
	<immunities>
		<immunity fire="1" />
		<immunity drown="1" />
		<immunity lifedrain="1" />
		<immunity paralyze="1" />
		<immunity invisible="1" />
	</immunities>
	<summons maxSummons="1">
		<summon name="fire elemental" interval="2000" chance="10" />
	</summons>
	<voices interval="5000" chance="10">
		<voice sentence="Your soul will be mine!" yell="1" />
		<voice sentence="MUHAHAHAHA!" yell="1" />
		<voice sentence="CHAMEK ATH UTHUL ARAK!" yell="1" />
		<voice sentence="I SMELL FEEEEAAAAAR!" yell="1" />
		<voice sentence="Your resistance is futile!" />
	</voices>
	<loot>
		<item id="2148" name="gold coin" chance="99518" countmax="200" />
		<item id="2152" name="platinum coin" chance="99513" countmax="8" />
		<item id="7590" name="great mana potion" chance="25108" countmax="3" />
		<item id="8472" name="great spirit potion" chance="24763" countmax="3" />
		<item id="5954" name="demon horn" chance="20187" />
		<item id="8473" name="ultimate health potion" chance="19831" countmax="3" />
		<item id="2795" name="fire mushroom" chance="19782" countmax="6" />
		<item id="6500" name="demonic essence" chance="19738" />
		<item id="7368" name="assassin star" chance="15452" countmax="10" />
		<item id="9970" name="small topaz" chance="10167" countmax="5" />
		<item id="2147" name="small ruby" chance="10006" countmax="5" />
		<item id="2149" name="small emerald" chance="9802" countmax="5" />
		<item id="2150" name="small amethyst" chance="9789" countmax="5" />
		<item id="2432" name="fire axe" chance="4037" />
		<item id="2151" name="talon" chance="3420" />
		<item id="2156" name="red gem" chance="2959" />
		<item id="2176" name="orb" chance="2852" />
		<item id="2214" name="ring of healing" chance="2658" />
		<item id="2164" name="might ring" chance="2492" />
		<item id="2165" name="stealth ring" chance="2391" />
		<item id="2393" name="giant sword" chance="1950" />
		<item id="2396" name="ice rapier" chance="1906" />
		<item id="2418" name="golden sickle" chance="1367" />
		<item id="1982" name="purple tome" chance="1232" />
		<item id="2462" name="devil helmet" chance="1227" />
		<item id="2179" name="gold ring" chance="1035" />
		<item id="2520" name="demon shield" chance="755" />
		<item id="2171" name="platinum amulet" chance="705" />
		<item id="2514" name="mastermind shield" chance="475" />
		<item id="2470" name="golden legs" chance="397" />
		<item id="7393" name="demon trophy" chance="88" />
		<item id="2472" name="magic plate armor" chance="88" />
		<item id="7382" name="demonrage sword" chance="54" />
	</loot>
</monster>
