<?xml version="1.0" encoding="UTF-8"?>
<monster name="Desperate Soul" nameDescription="a desperate soul" race="blood" experience="0" speed="670">
	<health now="15" max="15" />
	<look type="262" corpse="7338" />
	<targetchange interval="2000" chance="5" />
	<flags>
		<flag pushable="0" />
		<flag canpushitems="0" />
		<flag canpushcreatures="0" />
		<flag staticattack="90" />
		<flag targetdistance="1" />
		<flag canwalkonenergy="0" />
		<flag canwalkonfire="0" />
		<flag canwalkonpoison="0" />
	</flags>
	<defenses armor="6" defense="7">
		<defense name="speed" interval="2000" chance="25" speedchange="1200" duration="4000">
			<attribute key="areaEffect" value="redshimmer" />
		</defense>
	</defenses>
	<elements>
		<element physicalPercent="100" />
		<element energyPercent="100" />
		<element earthPercent="100" />
		<element firePercent="100" />
		<element lifedrainPercent="100" />
		<element drownPercent="100" />
		<element icePercent="100" />
		<element holyPercent="100" />
		<element deathPercent="100" />
	</elements>
	<immunities>
		<immunity paralyze="1" />
		<immunity invisible="1" />
		<immunity drunk="1" />
	</immunities>
</monster>
