<?xml version="1.0" encoding="UTF-8"?>
<monster name="Destabilized Ferumbras" nameDescription="a destabilized ferumbras" experience="35000" speed="0">
	<health now="125000" max="125000" />
	<look type="844" corpse="0" />
	<targetchange interval="2000" chance="5" />
	<flags>
		<flag isboss="1" />
		<flag pushable="0" />
		<flag canpushitems="0" />
		<flag canpushcreatures="0" />
		<flag staticattack="90" />
		<flag targetdistance="1" />
		<flag canwalkonenergy="0" />
		<flag canwalkonfire="0" />
		<flag canwalkonpoison="0" />
	</flags>
	<attacks>
		<attack name="melee" interval="2000" min="0" max="-200" />
		<attack name="poisoncondition" interval="2000" chance="20" radius="6" target="0" min="-250" max="-520">
			<attribute key="areaEffect" value="poison" />
		</attack>
		<attack name="ferumbras electrify" interval="2000" chance="18" />
		<attack name="manadrain" interval="2000" chance="16" radius="6" target="0" min="-225" max="-410">
			<attribute key="areaEffect" value="redshimmer" />
		</attack>
		<attack name="lifedrain" interval="2000" chance="21" radius="6" target="0" min="-200" max="-450">
			<attribute key="areaEffect" value="poff" />
		</attack>
		<attack name="ferumbras soulfire" interval="2000" chance="20" range="7" />
		<attack name="lifedrain" interval="2000" chance="17" length="8" spread="0" min="-590" max="-1050">
			<attribute key="areaEffect" value="greenspark" />
		</attack>
	</attacks>
	<defenses armor="100" defense="120">
		<defense name="healing" interval="2000" chance="23" min="600" max="2490">
			<attribute key="areaEffect" value="greenshimmer" />
		</defense>
		<defense name="healing" interval="2000" chance="3" min="20000" max="35000">
			<attribute key="areaEffect" value="greenshimmer" />
		</defense>
		<defense name="speed" interval="2000" chance="14" speedchange="700" duration="7000">
			<attribute key="areaEffect" value="blueshimmer" />
		</defense>
	</defenses>
	<elements>
		<element firePercent="90" />
		<element holyPercent="90" />
		<element physicalPercent="90" />
		<element deathPercent="90" />
		<element icePercent="90" />
		<element earthPercent="90" />
		<element energyPercent="90" />
		<element drownPercent="-20" />
	</elements>
	<immunities>
		<immunity lifedrain="1" />
		<immunity paralyze="1" />
		<immunity outfit="1" />
		<immunity drunk="1" />
		<immunity invisible="1" />
	</immunities>
	<summons maxSummons="6">
		<summon name="Demon" interval="2000" chance="11" />
	</summons>
</monster>
