<?xml version="1.0" encoding="UTF-8"?>
<monster name="Destroyer" nameDescription="a destroyer" race="blood" experience="2500" speed="300" raceId="287">
	<health now="3700" max="3700" />
	<look type="236" corpse="6320" />
	<targetchange interval="4000" chance="10" />
	<flags>
		<flag summonable="0" />
		<flag attackable="1" />
		<flag hostile="1" />
		<flag illusionable="0" />
		<flag convinceable="0" />
		<flag pushable="0" />
		<flag canpushitems="1" />
		<flag canpushcreatures="1" />
		<flag targetdistance="1" />
		<flag staticattack="70" />
		<flag runonhealth="0" />
		<flag canwalkonfire="0" />
		<flag canwalkonpoison="0" />
	</flags>
	<bestiary class="Demon" prowess="50" expertise="500" mastery="1000" charmPoints="50" difficulty="medium" occurrence="common" locations="Destroyer Locations..." />
	<attacks>
		<attack name="melee" interval="2000" min="0" max="-500" />
		<attack name="physical" interval="2000" chance="15" range="7" min="0" max="-200">
			<attribute key="shootEffect" value="largerock" />
		</attack>
	</attacks>
	<defenses armor="30" defense="30">
		<defense name="speed" interval="2000" chance="15" speedchange="420" duration="5000">
			<attribute key="areaEffect" value="redshimmer" />
		</defense>
	</defenses>
	<elements>
		<element physicalPercent="20" />
		<element earthPercent="20" />
		<element firePercent="30" />
		<element icePercent="-15" />
		<element holyPercent="-3" />
		<element deathPercent="20" />
	</elements>
	<immunities>
		<immunity energy="1" />
		<immunity paralyze="1" />
		<immunity invisible="1" />
	</immunities>
	<voices interval="5000" chance="10">
		<voice sentence="COME HERE AND DIE!" />
		<voice sentence="Destructiooooon!" />
		<voice sentence="It's a good day to destroy!" />
	</voices>
	<loot>
		<item id="2148" name="gold coin" chance="92584" countmax="282" />
		<item id="2666" name="meat" chance="39280" />
		<item id="6500" name="demonic essence" chance="13803" />
		<item id="2416" name="crowbar" chance="10573" />
		<item id="2546" name="burst arrow" chance="8590" countmax="12" />
		<item id="2489" name="dark armor" chance="5947" />
		<item id="2150" name="small amethyst" chance="5947" countmax="2" />
		<item id="5944" name="soul orb" chance="5433" />
		<item id="3456" name="pick" chance="4699" />
		<item id="11215" name="metal spike" chance="4552" />
		<item id="2463" name="plate armor" chance="3304" />
		<item id="2152" name="platinum coin" chance="2203" countmax="3" />
		<item id="2393" name="giant sword" chance="1248" />
		<item id="7591" name="great health potion" chance="1101" />
		<item id="7427" name="chaos mace" chance="808" />
		<item id="2125" name="crystal necklace" chance="514" />
		<item id="7419" name="dreaded cleaver" chance="294" />
		<item id="2645" name="steel boots" chance="294" />
		<item id="6300" name="death ring" chance="220" />
		<item id="2178" name="mind stone" chance="73" />
	</loot>
</monster>
