<?xml version="1.0" encoding="UTF-8"?>
<monster name="Diamond Servant" nameDescription="a diamond servant" race="energy" experience="700" speed="172" raceId="702">
	<health now="1000" max="1000" />
	<look type="397" corpse="13485" />
	<targetchange interval="4000" chance="10" />
	<flags>
		<flag summonable="0" />
		<flag attackable="1" />
		<flag hostile="1" />
		<flag illusionable="0" />
		<flag convinceable="0" />
		<flag pushable="0" />
		<flag canpushitems="1" />
		<flag canpushcreatures="1" />
		<flag targetdistance="1" />
		<flag staticattack="90" />
		<flag runonhealth="100" />
		<flag canwalkonfire="0" />
	</flags>
	<bestiary class="Construct" prowess="2" expertise="3" mastery="5" charmPoints="125" difficulty="medium" occurrence="very rare" locations="Diamond Servant Locations..." />
	<attacks>
		<attack name="melee" interval="2000" min="0" max="-100" />
		<attack name="energy" interval="2000" chance="20" radius="3" target="0" min="-80" max="-120">
			<attribute key="areaEffect" value="yellowenergy" />
		</attack>
		<attack name="energy" interval="2000" chance="15" target="0" length="5" spread="2" min="-125" max="-170">
			<attribute key="shootEffect" value="energy" />
			<attribute key="areaEffect" value="energy" />
		</attack>
		<attack name="drunk" interval="2000" chance="10" range="7" target="1" duration="3000">
			<attribute key="shootEffect" value="death" />
			<attribute key="areaEffect" value="stun" />
		</attack>
	</attacks>
	<defenses armor="25" defense="25" />
	<elements>
		<element earthPercent="75" />
		<element firePercent="10" />
		<element holyPercent="-15" />
	</elements>
	<immunities>
		<immunity energy="1" />
		<immunity invisible="1" />
		<immunity paralyze="1" />
	</immunities>
	<voices interval="5000" chance="10">
		<voice sentence="Error. LOAD 'PROGRAM',8,1" />
		<voice sentence="Remain. Obedient." />
	</voices>
	<loot>
		<item id="2148" name="gold coin" chance="94036" countmax="179" />
		<item id="5944" name="soul orb" chance="44999" />
		<item id="2177" name="life crystal" chance="9389" />
		<item id="7589" name="strong mana potion" chance="6047" />
		<item id="7588" name="strong health potion" chance="5834" />
		<item id="9976" name="crystal pedestal" chance="5237" />
		<item id="9690" name="gear wheel" chance="5019" />
		<item id="10572" name="gear crystal" chance="4967" />
		<item id="2164" name="might ring" chance="903" />
		<item id="7889" name="lightning pendant" chance="695" />
		<item id="2154" name="yellow gem" chance="561" />
		<item id="13758" name="slime mould" chance="550" />
		<item id="2189" name="wand of cosmic energy" chance="550" />
		<item id="7440" name="mastermind potion" chance="415" />
		<item id="10221" name="shockwave amulet" chance="114" />
		<item id="8878" name="crystalline armor" chance="16" />
		<item id="7428" name="bonebreaker" chance="10" />
	</loot>
</monster>
