<?xml version="1.0" encoding="UTF-8"?>
<monster name="Diseased Dan" nameDescription="a diseased Dan" race="venom" experience="300" speed="250">
	<health now="800" max="800" />
	<look type="299" corpse="8951" />
	<targetchange interval="4000" chance="10" />
	<flags>
		<flag summonable="0" />
		<flag attackable="1" />
		<flag hostile="1" />
		<flag illusionable="0" />
		<flag convinceable="0" />
		<flag pushable="0" />
		<flag canpushitems="1" />
		<flag staticattack="90" />
		<flag targetdistance="1" />
		<flag runonhealth="1" />
		<flag canwalkonenergy="0" />
		<flag canwalkonfire="0" />
		<flag canwalkonpoison="0" />
		<flag isboss="1" />
	</flags>
	<attacks>
		<attack name="melee" interval="2000" min="0" max="-100" poison="40" />
		<attack name="poisoncondition" interval="2000" chance="25" range="7" radius="4" min="-31" max="-31" target="1" >
			<attribute key="shootEffect" value="poison" />
			<attribute key="areaEffect" value="greenbubble" />
		</attack>
		<attack name="lifedrain" interval="2000" chance="10" radius="3" target="0" min="-200" max="-250">
			<attribute key="areaEffect" value="poison" />
		</attack>
		<attack name="speed" interval="3000" chance="40" target="1" speedchange="-900" duration="20000">
			<attribute key="areaEffect" value="redshimmer" />
		</attack>
	</attacks>
	<defenses armor="20" defense="20">
		<defense name="healing" interval="5000" chance="60" min="50" max="80">
			<attribute key="areaEffect" value="blueshimmer" />
		</defense>
	</defenses>
	<elements>
		<element physicalPercent="-5" />
		<element energyPercent="-10" />
		<element earthPercent="20" />
		<element icePercent="-5" />
		<element holyPercent="-5" />
		<element deathPercent="5" />
		<element firePercent="85" />
	</elements>
	<immunities>
		<immunity paralyze="1" />
		<immunity invisible="1" />
	</immunities>
	<voices interval="5000" chance="10">
		<voice sentence="Where... Where am I?" />
		<voice sentence="Is that you, Tom?" />
		<voice sentence="Phew, what an awful smell ... oh, that's me." />
	</voices>
	<loot>
		<item name="gold coin" countmax="25" chance="42000" />
	</loot>
</monster>
