<?xml version="1.0" encoding="UTF-8"?>
<monster name="Disgusting Ooze" nameDescription="a disgusting ooze" race="venom" experience="3700" speed="260">
	<health now="3650" max="3650" />
	<look type="238" corpse="6532" />
	<targetchange interval="2000" chance="5" />
	<flags>
		<flag pushable="0" />
		<flag canpushitems="0" />
		<flag canpushcreatures="0" />
		<flag staticattack="90" />
		<flag targetdistance="1" />
		<flag canwalkonenergy="0" />
		<flag canwalkonfire="0" />
		<flag canwalkonpoison="0" />
	</flags>
	<defenses armor="30" defense="30" />
	<immunities>
		<immunity paralyze="1" />
		<immunity invisible="1" />
		<immunity drunk="1" />
	</immunities>
</monster>
