<?xml version="1.0" encoding="UTF-8"?>
<monster name="Dragon Lord" nameDescription="a dragon lord" race="blood" experience="2100" speed="200" raceId="39">
	<health now="1900" max="1900" />
	<look type="39" corpse="5984" />
	<targetchange interval="4000" chance="10" />
	<flags>
		<flag summonable="0" />
		<flag attackable="1" />
		<flag hostile="1" />
		<flag illusionable="1" />
		<flag convinceable="0" />
		<flag pushable="0" />
		<flag canpushitems="1" />
		<flag canpushcreatures="1" />
		<flag targetdistance="1" />
		<flag staticattack="80" />
		<flag runonhealth="300" />
	</flags>
	<bestiary class="Dragon" prowess="50" expertise="500" mastery="1000" charmPoints="50" difficulty="medium" occurrence="common" locations="Dragon Lord Locations..." />
	<bestiary class="Dragon" difficulty="medium" occurrence="common" locations="Dragon Lord locations"/>
	<attacks>
		<attack name="melee" interval="2000" min="0" max="-230" />
		<attack name="fire" interval="2000" chance="20" range="7" radius="4" target="1" min="-100" max="-200">
			<attribute key="shootEffect" value="fire" />
			<attribute key="areaEffect" value="firearea" />
		</attack>
		<attack name="firefield" interval="2000" chance="10" range="7" radius="4" target="1">
			<attribute key="shootEffect" value="fire" />
		</attack>
		<attack name="fire" interval="2000" chance="15" length="8" spread="3" min="-150" max="-230">
			<attribute key="areaEffect" value="firearea" />
		</attack>
	</attacks>
	<defenses armor="35" defense="35">
		<defense name="healing" interval="2000" chance="15" min="57" max="93">
			<attribute key="areaEffect" value="blueshimmer" />
		</defense>
	</defenses>
	<elements>
		<element earthPercent="80" />
		<element energyPercent="20" />
		<element icePercent="-10" />
	</elements>
	<immunities>
		<immunity paralyze="1" />
		<immunity invisible="1" />
		<immunity fire="1" />
	</immunities>
	<voices interval="5000" chance="10">
		<voice sentence="ZCHHHHH" yell="1" />
		<voice sentence="YOU WILL BURN!" yell="1" />
	</voices>
	<loot>
		<item id="2148" name="gold coin" chance="95258" countmax="246" />
		<item id="2672" name="dragon ham" chance="79757" />
		<item id="2796" name="green mushroom" chance="12120" />
		<item id="7378" name="royal spear" chance="9139" countmax="3" />
		<item id="1976" name="book (gemmed)" chance="9090" />
		<item id="2547" name="power bolt" chance="6565" countmax="7" />
		<item id="2167" name="energy ring" chance="5072" />
		<item id="2146" name="small sapphire" chance="4968" />
		<item id="2033" name="golden mug" chance="3072" />
		<item id="5882" name="red dragon scale" chance="1963" />
		<item id="5948" name="red dragon leather" chance="1022" />
		<item id="7588" name="strong health potion" chance="971" />
		<item id="2177" name="life crystal" chance="629" />
		<item id="2479" name="strange helmet" chance="382" />
		<item id="2392" name="fire sword" chance="286" />
		<item id="2528" name="tower shield" chance="268" />
		<item id="2498" name="royal helmet" chance="233" />
		<item id="2492" name="dragon scale mail" chance="142" />
		<item id="7402" name="dragon slayer" chance="109" />
		<item id="7399" name="dragon lord trophy" chance="93" />
	</loot>
</monster>
