<?xml version="1.0" encoding="UTF-8"?>
<monster name="Dragon Warden" nameDescription="a dragon warden" race="blood" experience="4600" speed="320">
	<health now="2800" max="2800" />
	<look type="947" head="5" body="5" legs="8" feet="8" corpse="0" />
	<targetchange interval="2000" chance="5" />
	<flags>
		<flag attackable="1" />
		<flag hostile="1" />
		<flag summonable="0" />
		<flag convinceable="0" />
		<flag illusionable="0" />
		<flag isboss="0" />
		<flag ignorespawnblock="0" />
		<flag pushable="0" />
		<flag canpushitems="1" />
		<flag canpushcreatures="1" />
		<flag staticattack="90" />
		<flag targetdistance="1" />
		<flag canwalkonenergy="0" />
		<flag canwalkonfire="0" />
		<flag canwalkonpoison="0" />
	</flags>
	<attacks>
		<attack name="melee" interval="2000" min="0" max="-500" />
		<attack name="fire" interval="2000" chance="17" length="8" spread="3" min="-150" max="-230">
			<attribute key="areaEffect" value="firearea" />
		</attack>
	</attacks>
	<defenses armor="45" defense="35">
		<defense name="healing" interval="2000" chance="9" min="70" max="300">
			<attribute key="areaEffect" value="blueshimmer" />
		</defense>
	</defenses>
	<immunities>
		<immunity paralyze="1" />
		<immunity invisible="1" />
		<immunity drunk="1" />
	</immunities>
</monster>
