<?xml version="1.0" encoding="UTF-8"?>
<monster name="Draken Elite" nameDescription="a draken elite" race="blood" experience="4200" speed="250" raceId="672">
	<health now="5550" max="5550" />
	<look type="362" corpse="12609" />
	<targetchange interval="5000" chance="10" />
	<flags>
		<flag summonable="0" />
		<flag attackable="1" />
		<flag hostile="1" />
		<flag illusionable="1" />
		<flag convinceable="0" />
		<flag pushable="0" />
		<flag canpushitems="1" />
		<flag canpushcreatures="0" />
		<flag targetdistance="1" />
		<flag staticattack="90" />
		<flag runonhealth="0" />
	</flags>
	<bestiary class="Dragon" prowess="100" expertise="1000" mastery="2500" charmPoints="100" difficulty="hard" occurrence="common" locations="Draken Elite Locations..." />
	<attacks>
		<attack name="melee" interval="2000" min="0" max="-354" />
		<attack name="fire" interval="2000" chance="10" length="4" spread="3" min="-240" max="-550">
			<attribute key="areaEffect" value="explosion" />
		</attack>
		<attack name="fire" interval="2000" chance="15" range="7" target="1" min="-200" max="-300">
			<attribute key="shootEffect" value="fire" />
			<attribute key="areaEffect" value="firearea" />
		</attack>
		<attack name="earth" interval="2000" chance="15" target="1" radius="4" min="-280" max="-410">
			<attribute key="areaEffect" value="poff" />
		</attack>
		<attack name="monster soulfire" interval="2000" chance="10" />
		<attack name="poisoncondition" interval="2000" chance="10" range="7" target="1" min="-250" max="-320">
			<attribute key="shootEffect" value="poison" />
		</attack>
	</attacks>
	<defenses armor="45" defense="45">
		<defense name="healing" interval="2000" chance="15" min="510" max="600">
			<attribute key="areaEffect" value="blueshimmer" />
		</defense>
	</defenses>
	<elements>
		<element holyPercent="30" />
		<element deathPercent="30" />
		<element energyPercent="40" />
	</elements>
	<immunities>
		<immunity fire="1" />
		<immunity earth="1" />
		<immunity invisible="1" />
	</immunities>
	<voices interval="5000" chance="10">
		<voice sentence="For ze emperor!" />
		<voice sentence="You will die zhouzandz deazhz!" />
	</voices>
	<loot>
		<item name="small diamond" countmax="4" chance="2440" />
		<item name="gold coin" countmax="100" chance="50000" />
		<item name="gold coin" countmax="100" chance="47000" />
		<item name="platinum coin" countmax="8" chance="50360" />
		<item name="meat" chance="30175" />
		<item name="magic sulphur" chance="2100" />
		<item name="assassin dagger" chance="980" />
		<item name="great mana potion" countmax="3" chance="9340" />
		<item name="ultimate health potion" countmax="3" chance="9250" />
		<item name="Zaoan armor" chance="490" />
		<item name="Zaoan helmet" chance="150" />
		<item name="Zaoan legs" chance="770" />
		<item name="Zaoan sword" chance="490" />
		<item name="elite draken mail" chance="110" />
		<item name="twiceslicer" chance="910" />
		<item name="draken sulphur" chance="7600" />
		<item name="draken wristbands" chance="14030" />
		<item name="broken draken mail" chance="16930" />
		<item name="broken slicer" chance="24670" />
		<item name="cobra crown" chance="10" />
		<item name="draken boots" chance="600" />
		<item name="snake god's wristguard" chance="80" />
		<item name="blade of corruption" chance="20" />
	</loot>
</monster>
