<?xml version="1.0" encoding="UTF-8"?>
<monster name="Draken Spellweaver" nameDescription="a draken spellweaver" race="blood" experience="3100" speed="210" raceId="618">
	<health now="5000" max="5000" />
	<look type="340" corpse="11316" />
	<targetchange interval="4000" chance="10" />
	<flags>
		<flag summonable="0" />
		<flag attackable="1" />
		<flag hostile="1" />
		<flag illusionable="0" />
		<flag convinceable="0" />
		<flag pushable="0" />
		<flag canpushitems="1" />
		<flag canpushcreatures="1" />
		<flag targetdistance="1" />
		<flag staticattack="70" />
		<flag runonhealth="0" />
		<flag canwalkonenergy="0" />
	</flags>
	<bestiary class="Dragon" prowess="100" expertise="1000" mastery="2500" charmPoints="100" difficulty="hard" occurrence="common" locations="Draken Spellweaver Locations..." />
	<attacks>
		<attack name="melee" interval="2000" min="0" max="-252" />
		<attack name="fire" interval="2000" chance="10" length="4" spread="3" min="-240" max="-480">
			<attribute key="areaEffect" value="explosion" />
		</attack>
		<attack name="fire" interval="2000" chance="10" range="7" target="1" min="-100" max="-250">
			<attribute key="shootEffect" value="fire" />
			<attribute key="areaEffect" value="firearea" />
		</attack>
		<attack name="energy" interval="2000" chance="10" range="7" target="1" min="-150" max="-300">
			<attribute key="shootEffect" value="energy" />
			<attribute key="areaEffect" value="energy" />
		</attack>
		<attack name="earth" interval="2000" chance="10" target="1" radius="4" min="-200" max="-380">
			<attribute key="areaEffect" value="poff" />
		</attack>
		<attack name="monster soulfire" interval="2000" chance="10" />
		<attack name="poisoncondition" interval="2000" chance="10" target="1" min="-280" max="-360">
			<attribute key="shootEffect" value="poison" />
		</attack>
	</attacks>
	<defenses armor="25" defense="25">
		<defense name="invisible" interval="2000" chance="10" duration="5000">
			<attribute key="areaEffect" value="redshimmer" />
		</defense>
		<defense name="healing" interval="2000" chance="15" min="270" max="530">
			<attribute key="areaEffect" value="blueshimmer" />
		</defense>
	</defenses>
	<elements>
		<element deathPercent="75" />
		<element holyPercent="-5" />
		<element energyPercent="-10" />
		<element icePercent="-10" />
		<element physicalPercent="-10" />
	</elements>
	<immunities>
		<immunity fire="1" />
		<immunity earth="1" />
		<immunity invisible="1" />
	</immunities>
	<voices interval="5000" chance="10">
		<voice sentence="Kazzzzuuuum!!" />
		<voice sentence="Fissziss!" />
		<voice sentence="Zzzzzooom!!" />
	</voices>
	<loot>
		<item name="ring of the sky" chance="370" />
		<item name="small ruby" countmax="5" chance="6910" />
		<item name="gold coin" countmax="100" chance="41000" />
		<item name="gold coin" countmax="100" chance="58000" />
		<item name="platinum coin" countmax="5" chance="25510" />
		<item name="green gem" chance="970" />
		<item name="wand of inferno" chance="1660" />
		<item name="meat" chance="30400" />
		<item name="great mana potion" chance="4970" />
		<item name="focus cape" chance="1450" />
		<item name="Zaoan shoes" chance="1980" />
		<item name="weaver's wandtip" chance="19790" />
		<item name="draken trophy" chance="10" />
		<item name="spellweaver's robe" chance="620" />
		<item name="Zaoan robe" chance="770" />
		<item name="luminous orb" chance="1980" />
		<item name="draken sulphur" chance="3930" />
		<item name="harness" chance="30" />
		<item name="bamboo leaves" chance="180" />
	</loot>
</monster>
