<?xml version="1.0" encoding="UTF-8"?>
<monster name="Dread Minion" nameDescription="a dread minion" race="undead" experience="0" speed="370">
	<health now="4500" max="4500" />
	<look type="882" corpse="0" />
	<targetchange interval="2000" chance="5" />
	<flags>
		<flag pushable="0" />
		<flag canpushitems="0" />
		<flag canpushcreatures="0" />
		<flag staticattack="90" />
		<flag targetdistance="1" />
		<flag canwalkonenergy="0" />
		<flag canwalkonfire="0" />
		<flag canwalkonpoison="0" />
	</flags>
	<attacks>
		<attack name="melee" interval="2000" min="0" max="-300" />
		<attack name="manadrain" interval="2000" chance="20" range="6" radius="4" target="1" min="-100" max="-400">
			<attribute key="areaEffect" value="bluebubble" />
		</attack>
		<attack name="energy" interval="2000" chance="20" range="6" radius="4" target="1" min="-100" max="-220">
			<attribute key="shootEffect" value="energy" />
			<attribute key="areaEffect" value="purpleenergy" />
		</attack>
	</attacks>
	<defenses armor="30" defense="30">
		<defense name="healing" interval="2000" chance="15" min="90" max="150">
			<attribute key="areaEffect" value="blueshimmer" />
		</defense>
	</defenses>
	<immunities>
		<immunity paralyze="1" />
		<immunity invisible="1" />
		<immunity drunk="1" />
	</immunities>
</monster>
