<?xml version="1.0" encoding="UTF-8"?>
<monster name="Dromedary" nameDescription="a dromedary" race="blood" experience="0" speed="170" raceId="733">
	<health now="45" max="45" />
	<look type="404" corpse="13528" />
	<targetchange interval="4000" chance="20" />
	<flags>
		<flag summonable="0" />
		<flag attackable="1" />
		<flag hostile="0" />
		<flag illusionable="1" />
		<flag convinceable="0" />
		<flag pushable="1" />
		<flag canpushitems="0" />
		<flag canpushcreatures="0" />
		<flag targetdistance="4" />
		<flag staticattack="90" />
		<flag runonhealth="45" />
		<flag canwalkonenergy="0" />
		<flag canwalkonfire="0" />
		<flag canwalkonpoison="0" />
	</flags>
	<bestiary class="Mammal" prowess="10" expertise="100" mastery="250" charmPoints="10" difficulty="trivial" occurrence="common" locations="Dromedary Locations..." />
	<attacks>
		<attack name="melee" interval="2000" min="0" max="-8" />
		<attack name="drunk" interval="4000" chance="5" range="1" target="1" duration="6000">
			<attribute key="shootEffect" value="explosion" />
			<attribute key="areaEffect" value="stun" />
		</attack>
	</attacks>
	<defenses armor="5" defense="5" />
	<voices interval="5000" chance="10">
		<voice sentence="Snort" />
		<voice sentence="Grunt!" />
	</voices>
	<loot>
		<item name="meat" countmax="2" chance="36000" />
		<item name="sugar oat" chance="1000" />
	</loot>
</monster>
