<?xml version="1.0" encoding="UTF-8"?>
<monster name="Dwarf Soldier" nameDescription="a dwarf soldier" race="blood" experience="70" speed="176" manacost="360" raceId="71">
	<health now="135" max="135" />
	<look type="71" corpse="6014" />
	<targetchange interval="4000" chance="10" />
	<flags>
		<flag summonable="1" />
		<flag attackable="1" />
		<flag hostile="1" />
		<flag illusionable="1" />
		<flag convinceable="1" />
		<flag pushable="0" />
		<flag canpushitems="1" />
		<flag canpushcreatures="0" />
		<flag targetdistance="1" />
		<flag staticattack="90" />
		<flag runonhealth="0" />
		<flag canwalkonenergy="0" />
		<flag canwalkonfire="0" />
		<flag canwalkonpoison="0" />
	</flags>
	<bestiary class="Humanoid" prowess="25" expertise="250" mastery="500" charmPoints="30" difficulty="easy" occurrence="common" locations="Dwarf Soldier Locations..." />
	<attacks>
		<attack name="melee" interval="2000" min="0" max="-70" />
		<attack name="physical" interval="2000" chance="10" range="7" min="0" max="-60">
			<attribute key="shootEffect" value="bolt" />
		</attack>
	</attacks>
	<defenses armor="9" defense="9" />
	<elements>
		<element earthPercent="10" />
		<element firePercent="-5" />
		<element deathPercent="-5" />
	</elements>
	<voices interval="5000" chance="10">
		<voice sentence="Hail Durin!" />
	</voices>
	<loot>
		<item id="2787" name="white mushroom" chance="39924" countmax="2" />
		<item id="2543" name="bolt" chance="37815" countmax="7" />
		<item id="2148" name="gold coin" chance="28337" countmax="12" />
		<item id="2481" name="soldier helmet" chance="11820" />
		<item id="2554" name="shovel" chance="10026" />
		<item id="2464" name="chain armor" chance="7525" />
		<item id="7363" name="piercing bolt" chance="3822" countmax="3" />
		<item id="2525" name="dwarven shield" chance="3056" />
		<item id="2455" name="crossbow" chance="3023" />
		<item id="2378" name="battle axe" chance="2481" />
		<item id="5880" name="iron ore" chance="303" />
		<item id="2208" name="axe ring" chance="121" />
	</loot>
</monster>
