<?xml version="1.0" encoding="UTF-8"?>
<monster name="Dwarf Guard" nameDescription="a dwarf guard" race="blood" experience="165" speed="206" manacost="650" raceId="70">
	<health now="245" max="245" />
	<look type="70" corpse="6013" />
	<targetchange interval="4000" chance="10" />
	<flags>
		<flag summonable="1" />
		<flag attackable="1" />
		<flag hostile="1" />
		<flag illusionable="1" />
		<flag convinceable="1" />
		<flag pushable="0" />
		<flag canpushitems="1" />
		<flag canpushcreatures="1" />
		<flag targetdistance="1" />
		<flag staticattack="90" />
		<flag runonhealth="0" />
		<flag canwalkonenergy="0" />
		<flag canwalkonfire="0" />
		<flag canwalkonpoison="0" />
	</flags>
	<bestiary class="Humanoid" prowess="25" expertise="250" mastery="500" charmPoints="30" difficulty="easy" occurrence="common" locations="Dwarf Guard Locations..." />
	<attacks>
		<attack name="melee" interval="2000" min="0" max="-140" />
	</attacks>
	<defenses armor="15" defense="15" />
	<elements>
		<element earthPercent="20" />
		<element physicalPercent="20" />
		<element firePercent="-5" />
		<element deathPercent="-5" />
	</elements>
	<immunities>
		<immunity invisible="1" />
	</immunities>
	<voices interval="5000" chance="10">
		<voice sentence="Hail Durin!" />
	</voices>
	<loot>
		<item id="2787" name="white mushroom" chance="55243" countmax="2" />
		<item id="2643" name="leather boots" chance="40075" />
		<item id="2148" name="gold coin" chance="39985" countmax="30" />
		<item id="2483" name="scale armor" chance="9009" />
		<item id="2513" name="battle shield" chance="6014" />
		<item id="2417" name="battle hammer" chance="3849" />
		<item id="3351" name="steel helmet" chance="1549" />
		<item id="2387" name="double axe" chance="592" />
		<item id="5880" name="iron ore" chance="481" />
		<item id="7618" name="health potion" chance="394" />
		<item id="2208" name="axe ring" chance="198" />
		<item id="13757" name="coal" chance="195" />
		<item id="2150" name="small amethyst" chance="120" />
	</loot>
</monster>
