<?xml version="1.0" encoding="UTF-8"?>
<monster name="Dwarf" nameDescription="a dwarf" race="blood" experience="45" speed="170" manacost="320" raceId="69">
	<health now="90" max="90" />
	<look type="69" corpse="6007" />
	<targetchange interval="4000" chance="0" />
	<flags>
		<flag summonable="1" />
		<flag attackable="1" />
		<flag hostile="1" />
		<flag illusionable="1" />
		<flag convinceable="1" />
		<flag pushable="1" />
		<flag canpushitems="0" />
		<flag canpushcreatures="0" />
		<flag targetdistance="1" />
		<flag staticattack="90" />
		<flag runonhealth="0" />
		<flag canwalkonenergy="0" />
		<flag canwalkonfire="0" />
		<flag canwalkonpoison="0" />
	</flags>
	<bestiary class="Humanoid" prowess="25" expertise="250" mastery="500" charmPoints="30" difficulty="easy" occurrence="common" locations="Dwarf Locations..." />
	<attacks>
		<attack name="melee" interval="2000" min="0" max="-30" />
	</attacks>
	<defenses armor="8" defense="8" />
	<elements>
		<element earthPercent="10" />
		<element firePercent="-5" />
		<element deathPercent="-5" />
	</elements>
	<voices interval="5000" chance="10">
		<voice sentence="Hail Durin!" />
	</voices>
	<loot>
		<item id="2787" name="white mushroom" chance="50140" />
		<item id="2148" name="gold coin" chance="35361" countmax="8" />
		<item id="2388" name="hatchet" chance="24739" />
		<item id="2386" name="axe" chance="14596" />
		<item id="3456" name="pick" chance="10143" />
		<item id="2530" name="copper shield" chance="10098" />
		<item id="2649" name="leather legs" chance="9682" />
		<item id="2484" name="studded armor" chance="8017" />
		<item id="2597" name="letter" chance="7929" />
		<item id="2213" name="dwarven ring" chance="95" />
		<item id="5880" name="iron ore" chance="83" />
	</loot>
</monster>
