<?xml version="1.0" encoding="UTF-8"?>
<monster name="Dworc Fleshhunter" nameDescription="a dworc fleshhunter" race="blood" experience="40" speed="148" raceId="215">
	<health now="85" max="85" />
	<look type="215" corpse="6058" />
	<targetchange interval="4000" chance="0" />
	<flags>
		<flag summonable="0" />
		<flag attackable="1" />
		<flag hostile="1" />
		<flag illusionable="1" />
		<flag convinceable="0" />
		<flag pushable="1" />
		<flag canpushitems="0" />
		<flag canpushcreatures="0" />
		<flag targetdistance="1" />
		<flag staticattack="90" />
		<flag runonhealth="8" />
		<flag canwalkonenergy="0" />
		<flag canwalkonfire="0" />
	</flags>
	<bestiary class="Humanoid" prowess="25" expertise="250" mastery="500" charmPoints="30" difficulty="easy" occurrence="common" locations="Dworc Fleshhunter Locations..." />
	<attacks>
		<attack name="melee" interval="2000" min="0" max="-25" poison="20" />
		<attack name="physical" interval="2000" chance="10" range="7" min="0" max="-15">
			<attribute key="shootEffect" value="throwingknife" />
		</attack>
	</attacks>
	<defenses armor="3" defense="3" />
	<elements>
		<element deathPercent="-13" />
		<element firePercent="-8" />
		<element icePercent="-10" />
	</elements>
	<immunities>
		<immunity earth="1" />
	</immunities>
	<voices interval="5000" chance="10">
		<voice sentence="Grak brrretz!" />
		<voice sentence="Grow truk grrrrr." />
		<voice sentence="Prek tars, dekklep zurk." />
	</voices>
	<loot>
		<item id="2148" name="gold coin" chance="74874" countmax="13" />
		<item id="2467" name="leather armor" chance="10817" />
		<item id="2568" name="cleaver" chance="8991" />
		<item id="2050" name="torch" chance="5553" />
		<item id="2229" name="skull (item)" chance="3027" countmax="3" />
		<item id="2411" name="poison dagger" chance="2061" />
		<item id="3965" name="hunting spear" chance="1950" />
		<item id="2541" name="bone shield" chance="1035" />
		<item id="3967" name="tribal mask" chance="480" />
		<item id="3964" name="ripper lance" chance="97" />
	</loot>
</monster>
