<?xml version="1.0" encoding="UTF-8"?>
<monster name="Dworc Venomsniper" namedescription="a dworc venomsniper" race="blood" experience="35" speed="152" raceId="216">
	<health now="80" max="80" />
	<look type="216" corpse="6059" />
	<targetchange interval="4000" chance="0" />
	<flags>
		<flag summonable="0" />
		<flag attackable="1" />
		<flag hostile="1" />
		<flag illusionable="1" />
		<flag convinceable="0" />
		<flag pushable="1" />
		<flag canpushitems="0" />
		<flag canpushcreatures="0" />
		<flag targetdistance="4" />
		<flag staticattack="90" />
		<flag runonhealth="15" />
		<flag canwalkonenergy="0" />
		<flag canwalkonfire="0" />
	</flags>
	<bestiary class="Humanoid" prowess="25" expertise="250" mastery="500" charmPoints="30" difficulty="easy" occurrence="common" locations="Dworc Venomsniper Locations..." />
	<attacks>
		<attack name="melee" interval="2000" min="0" max="-15" />
		<attack name="poisoncondition" interval="2000" chance="15" range="5" min="-20" max="-40">
			<attribute key="shooteffect" value="poison" />
		</attack>
	</attacks>
	<defenses armor="3" defense="3" />
	<elements>
		<element holyPercent="15" />
		<element firePercent="-13" />
		<element deathPercent="-8" />
		<element icePercent="-13" />
	</elements>
	<immunities>
		<immunity earth="1" />
	</immunities>
	<voices interval="5000" chance="10">
		<voice sentence="Brak brrretz!" />
		<voice sentence="Grow truk grrrrr." />
		<voice sentence="Prek tars, dekklep zurk." />
	</voices>
	<loot>
		<item id="2148" name="gold coin" chance="74992" countmax="13" />
		<item id="2467" name="leather armor" chance="10048" />
		<item id="2410" name="throwing knife" chance="7906" countmax="2" />
		<item id="2050" name="torch" chance="5486" />
		<item id="2545" name="poison arrow" chance="4957" countmax="3" />
		<item id="2411" name="poison dagger" chance="1500" />
		<item id="2229" name="skull (item)" chance="983" countmax="2" />
		<item id="3967" name="tribal mask" chance="502" />
		<item id="7732" name="seeds" chance="193" />
		<item id="3983" name="bast skirt" chance="99" />
		<item id="2172" name="bronze amulet" chance="97" />
	</loot>
</monster>
