<?xml version="1.0" encoding="UTF-8"?>
<monster name="Earworm" nameDescription="an earworm" race="blood" experience="2000" speed="155">
	<health now="4000" max="4000" />
	<look type="26" corpse="34318" />
	<targetchange interval="2000" chance="5" />
	<flags>
		<flag attackable="1" />
		<flag hostile="1" />
		<flag summonable="0" />
		<flag convinceable="0" />
		<flag illusionable="0" />
		<flag isboss="0" />
		<flag ignorespawnblock="0" />
		<flag pushable="0" />
		<flag canpushitems="0" />
		<flag canpushcreatures="0" />
		<flag staticattack="90" />
		<flag targetdistance="1" />
		<flag canwalkonenergy="0" />
		<flag canwalkonfire="0" />
		<flag canwalkonpoison="0" />
	</flags>
	<attacks>
		<attack name="melee" interval="2000" min="0" max="-240" poison="25" />
		<attack name="earth" interval="2000" chance="15" range="5" target="1" min="-320" max="-450">
			<attribute key="shootEffect" value="poison" />
			<attribute key="areaEffect" value="greennote" />
		</attack>
		<attack name="earth" interval="2000" chance="12" radius="3" min="-280" max="-350">
			<attribute key="areaEffect" value="groundshaker" />
		</attack>
	</attacks>
	<defenses armor="10" defense="10" />
	<immunities>
		<immunity paralyze="1" />
		<immunity invisible="1" />
		<immunity drunk="1" />
	</immunities>
	<loot>
		<item id="2152" name="platinum coin" chance="100000" />
		<item id="18437" name="envenomed arrow" chance="56948" countmax="47" />
		<item id="10609" name="lump of dirt" chance="10023" />
		<item id="7887" name="terra amulet" chance="5011" />
		<item id="7903" name="terra hood" chance="4328" />
		<item id="7850" name="earth arrow" chance="4100" countmax="21" />
		<item id="34012" name="green memory shard" chance="3645" />
		<item id="34011" name="violet memory shard" chance="3645" />
		<item id="34010" name="blue memory shard" chance="3189" />
		<item id="10219" name="sacred tree amulet" chance="2278" />
		<item id="3976" name="worm" chance="911" countmax="3" />
	</loot>
</monster>
