<?xml version="1.0" encoding="UTF-8"?>
<monster name="Ekatrix" nameDescription="Ekatrix" race="blood" experience="200" speed="204">
	<health now="500" max="500" />
	<look type="54" corpse="20535" />
	<targetchange interval="2000" chance="5" />
	<flags>
		<flag attackable="1" />
		<flag hostile="1" />
		<flag summonable="0" />
		<flag convinceable="0" />
		<flag illusionable="1" />
		<flag isboss="1" />
		<flag ignorespawnblock="0" />
		<flag pushable="0" />
		<flag canpushitems="0" />
		<flag canpushcreatures="0" />
		<flag staticattack="90" />
		<flag targetdistance="4" />
		<flag canwalkonenergy="1" />
		<flag canwalkonfire="0" />
		<flag canwalkonpoison="0" />
	</flags>
	<attacks>
		<attack name="melee" interval="2000" min="0" max="-20" />
		<attack name="fire" interval="2000" chance="20" range="7" min="-30" max="-75">
			<attribute key="shootEffect" value="fire" />
			<attribute key="areaEffect" value="fire" />
		</attack>
		<attack name="firefield" interval="2000" chance="10" range="7" radius="1" target="1">
			<attribute key="shootEffect" value="fire" />
		</attack>
		<attack name="outfit" interval="2000" chance="1" target="1" range="5" monster="green frog" duration="2000" />
	</attacks>
	<defenses armor="10" defense="10" />
	<immunities>
		<immunity paralyze="1" />
		<immunity invisible="1" />
		<immunity drunk="1" />
	</immunities>
	<elements>
		<element physicalPercent="-5" />
		<element energyPercent="100" />
		<element earthPercent="20" />
		<element holyPercent="-5" />
	</elements>
	<defenses armor="10" defense="10" />
	<loot>
		<item id="2148" name="gold coin" chance="100000" countmax="60" />
		<item id="10569" name="witch broom" chance="100000" />
		<item id="2654" name="cape" chance="59459" />
		<item id="2324" name="broom" chance="43243" />
		<item id="2651" name="coat" chance="37838" />
		<item id="2129" name="wolf tooth chain" chance="35135" />
		<item id="2687" name="cookie" chance="24324" countmax="10" />
		<item id="2800" name="star herb" chance="13514" />
		<item id="13537" name="bag of apple slices" chance="2703" />
		<item id="2199" name="garlic necklace" chance="2703" />
		<item id="2185" name="necrotic rod" chance="2703" />
	</loot>
</monster>
