<?xml version="1.0" encoding="UTF-8"?>
<monster name="Elf" nameDescription="an elf" race="blood" experience="42" speed="190" manacost="320" raceId="62">
	<health now="100" max="100" />
	<look type="62" corpse="6003" />
	<targetchange interval="4000" chance="0" />
	<flags>
		<flag summonable="0" />
		<flag attackable="1" />
		<flag hostile="1" />
		<flag illusionable="1" />
		<flag convinceable="1" />
		<flag pushable="1" />
		<flag canpushitems="0" />
		<flag canpushcreatures="0" />
		<flag targetdistance="1" />
		<flag staticattack="90" />
		<flag runonhealth="0" />
		<flag canwalkonenergy="0" />
		<flag canwalkonfire="0" />
		<flag canwalkonpoison="0" />
	</flags>
	<bestiary class="Humanoid" prowess="25" expertise="250" mastery="500" charmPoints="30" difficulty="easy" occurrence="common" locations="Elf Locations..." />
	<attacks>
		<attack name="melee" interval="2000" min="0" max="-15" />
		<attack name="physical" interval="2000" chance="10" range="7" min="0" max="-25">
			<attribute key="shootEffect" value="arrow" />
		</attack>
	</attacks>
	<defenses armor="6" defense="6" />
	<elements>
		<element holyPercent="20" />
		<element deathPercent="-10" />
	</elements>
	<immunities>
		<immunity invisible="1" />
	</immunities>
	<voices interval="5000" chance="10">
		<voice sentence="Ulathil beia Thratha!" />
		<voice sentence="Bahaha aka!" />
		<voice sentence="You are not welcome here." />
		<voice sentence="Flee as long as you can." />
		<voice sentence="Death to the defilers!" />
	</voices>
	<loot>
		<item id="2148" name="gold coin" chance="44661" countmax="30" />
		<item id="8839" name="plum" chance="20013" countmax="2" />
		<item id="2482" name="studded helmet" chance="15055" />
		<item id="2643" name="leather boots" chance="11113" />
		<item id="2397" name="longsword" chance="10918" />
		<item id="2484" name="studded armor" chance="9010" />
		<item id="2510" name="plate shield" chance="8957" />
		<item id="2544" name="arrow" chance="7026" countmax="3" />
		<item id="10552" name="elvish talisman" chance="1984" />
		<item id="5921" name="heaven blossom" chance="1011" />
	</loot>
</monster>
