<?xml version="1.0" encoding="UTF-8"?>
<monster name="Emerald Damselfly" nameDescription="an emerald damselfly" race="venom" experience="35" speed="200" raceId="912">
	<health now="90" max="90" />
	<look type="528" corpse="19706" />
	<targetchange interval="5000" chance="0" />
	<flags>
		<flag summonable="0" />
		<flag attackable="1" />
		<flag hostile="1" />
		<flag illusionable="0" />
		<flag convinceable="0" />
		<flag pushable="0" />
		<flag canpushitems="1" />
		<flag canpushcreatures="1" />
		<flag targetdistance="1" />
		<flag staticattack="90" />
		<flag canwalkonenergy="0" />
		<flag canwalkonfire="0" />
		<flag canwalkonpoison="0" />
	</flags>
	<bestiary class="Vermin" prowess="25" expertise="250" mastery="500" charmPoints="30" difficulty="easy" occurrence="common" locations="Emerald Damselfly Locations..." />
	<attacks>
		<attack name="melee" interval="2000" min="0" max="-4" poison="10" />
		<attack name="earth" interval="2000" chance="15" range="7" min="0" max="-12">
			<attribute key="shootEffect" value="poison" />
		</attack>
	</attacks>
	<defenses armor="6" defense="6">
		<defense name="healing" interval="2000" chance="10" min="4" max="10">
			<attribute key="areaEffect" value="blueshimmer" />
		</defense>
	</defenses>
	<voices interval="5000" chance="10">
		<voice sentence="Bzzzzz!" />
	</voices>
	<loot>
		<item id="2148" name="gold coin" chance="90901" countmax="18" />
		<item id="19738" name="damselfly wing" chance="11824" />
		<item id="19743" name="damselfly eye" chance="9986" />
		<item id="2544" name="arrow" chance="7541" countmax="5" />
		<item id="2120" name="rope" chance="5031" />
		<item id="7618" name="health potion" chance="3588" />
		<item id="7620" name="mana potion" chance="3560" />
	</loot>
</monster>
