<?xml version="1.0" encoding="UTF-8"?>
<monster name="Eruption of Destruction" nameDescription="an eruption of destruction" race="undead" experience="320" speed="120">
	<health now="4000" max="4000" />
	<look typeex="389" corpse="0" />
	<targetchange interval="2000" chance="5" />
	<flags>
		<flag pushable="0" />
		<flag canpushitems="0" />
		<flag canpushcreatures="0" />
		<flag staticattack="90" />
		<flag targetdistance="1" />
		<flag canwalkonenergy="0" />
		<flag canwalkonfire="0" />
		<flag canwalkonpoison="0" />
	</flags>
	<attacks>
		<attack name="speed" interval="2000" chance="25" radius="7" speedchange="-600" duration="15000">
			<attribute key="areaEffect" value="bluebubble" />
		</attack>
	</attacks>
	<defenses armor="30" defense="30" />
	<immunities>
		<immunity paralyze="1" />
		<immunity invisible="1" />
		<immunity drunk="1" />
	</immunities>
</monster>
