<?xml version="1.0" encoding="UTF-8"?>
<monster name="Fahim The Wise" nameDescription="Fahim The Wise" race="blood" experience="1500" speed="200">
	<health now="2000" max="2000" />
	<look type="104" corpse="6033" />
	<targetchange interval="2000" chance="5" />
	<flags>
		<flag isboss="1" />
		<flag pushable="0" />
		<flag canpushitems="0" />
		<flag canpushcreatures="0" />
		<flag staticattack="90" />
		<flag targetdistance="1" />
		<flag canwalkonenergy="0" />
		<flag canwalkonfire="0" />
		<flag canwalkonpoison="0" />
	</flags>
	<attacks>
		<attack name="melee" interval="2000" min="0" max="-130" />
		<attack name="energy" interval="2000" chance="10" range="7" min="-100" max="-300">
			<attribute key="shootEffect" value="energyball" />
		</attack>
		<attack name="lifedrain" interval="2000" chance="15" range="7" min="-30" max="-90">
			<attribute key="areaEffect" value="redshimmer" />
		</attack>
		<attack name="speed" interval="2000" chance="15" range="7" speedchange="-650" duration="1500">
			<attribute key="areaEffect" value="redshimmer" />
		</attack>
		<attack name="drunk" interval="2000" chance="10" range="7" duration="6000">
			<attribute key="shootEffect" value="energy" />
		</attack>
		<attack name="outfit" interval="2000" chance="1" range="7" monster="rabbit" duration="4000">
			<attribute key="areaEffect" value="blueshimmer" />
		</attack>
		<attack name="djinn electrify" interval="2000" range="5" chance="15" />
		<attack name="energy" interval="2000" chance="15" radius="3" target="0" min="-30" max="-90">
			<attribute key="areaEffect" value="energy" />
		</attack>
	</attacks>
	<defenses armor="30" defense="30">
		<defense name="healing" interval="2000" chance="15" min="50" max="80">
			<attribute key="areaEffect" value="blueshimmer" />
		</defense>
	</defenses>
	<elements>
		<element firePercent="1" />
		<element icePercent="-15" />
		<element holyPercent="1" />
		<element deathPercent="-10" />
	</elements>
	<immunities>
		<immunity paralyze="1" />
		<immunity invisible="1" />
		<immunity drunk="1" />
	</immunities>
	<voices interval="1000" chance="5">
		<voice sentence="You should know better than to be an enemy of the Marid" />
	</voices>
	<loot>
		<item id="5912" name="blue piece of cloth" chance="100000" countmax="4" />
		<item id="12426" name="jewelled belt" chance="100000" />
		<item id="2148" name="gold coin" chance="95918" countmax="118" />
		<item id="12442" name="noble turban" chance="65306" />
		<item id="7378" name="royal spear" chance="55102" countmax="3" />
		<item id="2677" name="blueberry" chance="40816" countmax="21" />
		<item id="11227" name="shiny stone" chance="40816" />
		<item id="7589" name="strong mana potion" chance="40816" countmax="3" />
		<item id="2663" name="mystic turban" chance="34694" />
		<item id="2146" name="small sapphire" chance="14286" countmax="2" />
		<item id="7732" name="seeds" chance="8163" />
		<item id="7900" name="magma monocle" chance="4082" />
		<item id="2158" name="blue gem" chance="2041" />
		<item id="2070" name="wooden flute" chance="2041" />
	</loot>
</monster>
